report_date,county_fips,age_group,cases,tests,positive,hospitalizations,deaths
2024-01-01,51013,0-17,86,674,86,2,1
2024-01-01,51013,18-49,217,1822,217,22,0
2024-01-01,51013,50-64,85,621,85,8,0
2024-01-01,51013,65+,57,397,57,6,0
2024-01-01,51059,0-17,291,2339,291,23,2
2024-01-01,51059,18-49,749,5795,749,62,7
2024-01-01,51059,50-64,258,2075,258,14,5
2024-01-01,51059,65+,193,1399,193,17,1
2024-01-01,51107,0-17,116,998,116,10,1
2024-01-01,51107,18-49,340,2524,340,27,6
2024-01-01,51107,50-64,126,883,126,8,1
2024-01-01,51107,65+,57,608,57,2,0
2024-01-01,51153,0-17,183,2017,183,24,2
2024-01-01,51153,18-49,413,5045,413,34,3
2024-01-01,51153,50-64,168,1884,168,17,2
2024-01-01,51153,65+,96,1228,96,6,1
2024-01-01,51510,0-17,47,335,47,2,1
2024-01-01,51510,18-49,124,899,124,15,2
2024-01-01,51510,50-64,33,313,33,5,0
2024-01-01,51510,65+,24,204,24,1,0
2024-01-01,51610,0-17,6,45,6,0,0
2024-01-01,51610,18-49,9,126,9,1,0
2024-01-01,51610,50-64,4,41,4,0,0
2024-01-01,51610,65+,6,13,6,0,0
2024-01-01,51061,0-17,26,220,26,2,0
2024-01-01,51061,18-49,53,612,53,3,1
2024-01-01,51061,50-64,20,206,20,2,0
2024-01-01,51061,65+,10,145,10,0,1
2024-01-01,51069,0-17,33,229,33,4,0
2024-01-01,51069,18-49,87,595,87,9,2
2024-01-01,51069,50-64,22,200,22,2,1
2024-01-01,51069,65+,11,134,11,0,0
2024-01-01,51179,0-17,66,647,66,7,0
2024-01-01,51179,18-49,151,1625,151,10,1
2024-01-01,51179,50-64,44,590,44,4,0
2024-01-01,51179,65+,31,376,31,1,0
2024-01-01,51177,0-17,52,455,52,6,0
2024-01-01,51177,18-49,123,1134,123,11,1
2024-01-01,51177,50-64,43,414,43,4,1
2024-01-01,51177,65+,34,253,34,2,0
2024-01-01,51003,0-17,36,404,36,5,0
2024-01-01,51003,18-49,107,993,107,10,0
2024-01-01,51003,50-64,38,335,38,2,0
2024-01-01,51003,65+,24,242,24,0,1
2024-01-01,51540,0-17,25,204,25,3,0
2024-01-01,51540,18-49,46,446,46,1,1
2024-01-01,51540,50-64,11,161,11,0,0
2024-01-01,51540,65+,14,106,14,2,0
2024-01-01,51041,0-17,147,1537,147,11,3
2024-01-01,51041,18-49,353,3869,353,36,1
2024-01-01,51041,50-64,127,1340,127,10,1
2024-01-01,51041,65+,79,884,79,2,2
2024-01-01,51087,0-17,142,1395,142,14,0
2024-01-01,51087,18-49,362,3393,362,32,5
2024-01-01,51087,50-64,119,1249,119,6,2
2024-01-01,51087,65+,99,834,99,10,0
2024-01-01,51760,0-17,93,1084,93,8,2
2024-01-01,51760,18-49,232,2598,232,27,1
2024-01-01,51760,50-64,81,931,81,6,3
2024-01-01,51760,65+,40,633,40,2,0
2024-01-01,51810,0-17,184,1236,184,15,1
2024-01-01,51810,18-49,374,3130,374,33,4
2024-01-01,51810,50-64,139,1156,139,9,0
2024-01-01,51810,65+,97,696,97,8,3
2024-01-01,51700,0-17,79,582,79,12,0
2024-01-01,51700,18-49,162,1462,162,17,1
2024-01-01,51700,50-64,43,499,43,5,0
2024-01-01,51700,65+,42,356,42,3,1
2024-01-01,51730,0-17,11,154,11,1,0
2024-01-01,51730,18-49,36,389,36,4,0
2024-01-01,51730,50-64,15,161,15,1,1
2024-01-01,51730,65+,6,95,6,1,0
2024-01-01,51710,0-17,91,811,91,12,0
2024-01-01,51710,18-49,233,2065,233,15,2
2024-01-01,51710,50-64,94,714,94,12,3
2024-01-01,51710,65+,63,478,63,5,0
2024-01-01,51740,0-17,21,204,21,1,0
2024-01-01,51740,18-49,67,491,67,4,0
2024-01-01,51740,50-64,25,194,25,1,0
2024-01-01,51740,65+,18,138,18,0,0
2024-01-01,51750,0-17,3,64,3,0,0
2024-01-01,51750,18-49,14,166,14,1,0
2024-01-01,51750,50-64,5,58,5,0,0
2024-01-01,51750,65+,8,44,8,1,0
2024-01-01,51121,0-17,25,280,25,2,0
2024-01-01,51121,18-49,72,663,72,6,0
2024-01-01,51121,50-64,34,236,34,4,0
2024-01-01,51121,65+,12,181,12,1,0
2024-01-01,51770,0-17,23,195,23,0,1
2024-01-01,51770,18-49,66,546,66,5,0
2024-01-01,51770,50-64,28,190,28,5,0
2024-01-01,51770,65+,15,119,15,2,0
2024-01-01,51161,0-17,43,356,43,4,0
2024-01-01,51161,18-49,102,945,102,4,4
2024-01-01,51161,50-64,43,339,43,3,0
2024-01-01,51161,65+,24,217,24,1,1
2024-01-01,51800,0-17,31,377,31,3,0
2024-01-01,51800,18-49,92,967,92,10,0
2024-01-01,51800,50-64,36,401,36,1,0
2024-01-01,51800,65+,36,240,36,4,1
2024-01-01,51720,0-17,1,10,1,0,0
2024-01-01,51720,18-49,2,29,2,0,0
2024-01-01,51720,50-64,1,8,1,0,0
2024-01-01,51720,65+,0,7,0,0,0
2024-01-01,51001,0-17,10,78,10,1,0
2024-01-01,51001,18-49,21,169,21,3,0
2024-01-01,51001,50-64,6,62,6,1,0
2024-01-01,51001,65+,7,48,7,0,0
2024-01-01,51005,0-17,6,36,6,0,0
2024-01-01,51005,18-49,10,94,10,0,0
2024-01-01,51005,50-64,4,34,4,0,0
2024-01-01,51005,65+,3,32,3,1,0
2024-01-01,51015,0-17,32,359,32,0,0
2024-01-01,51015,18-49,90,962,90,6,0
2024-01-01,51015,50-64,23,349,23,3,0
2024-01-01,51015,65+,20,252,20,0,1
2024-01-01,51019,0-17,27,332,27,1,0
2024-01-01,51019,18-49,84,739,84,12,4
2024-01-01,51019,50-64,30,285,30,1,0
2024-01-01,51019,65+,19,169,19,1,0
2024-01-01,51023,0-17,7,129,7,0,0
2024-01-01,51023,18-49,32,265,32,1,0
2024-01-01,51023,50-64,6,100,6,1,0
2024-01-01,51023,65+,4,71,4,1,0
2024-01-01,51031,0-17,17,189,17,1,0
2024-01-01,51031,18-49,51,534,51,5,1
2024-01-01,51031,50-64,23,176,23,3,0
2024-01-01,51031,65+,7,126,7,1,0
2024-01-01,51033,0-17,13,103,13,1,0
2024-01-01,51033,18-49,27,256,27,1,1
2024-01-01,51033,50-64,10,86,10,2,0
2024-01-01,51033,65+,4,62,4,1,0
2024-01-01,51035,0-17,10,67,10,1,0
2024-01-01,51035,18-49,24,201,24,2,0
2024-01-01,51035,50-64,9,83,9,2,0
2024-01-01,51035,65+,3,49,3,0,0
2024-01-01,51047,0-17,22,181,22,1,0
2024-01-01,51047,18-49,56,501,56,4,0
2024-01-01,51047,50-64,28,166,28,3,0
2024-01-01,51047,65+,10,113,10,0,1
2024-01-01,51067,0-17,21,156,21,1,1
2024-01-01,51067,18-49,51,396,51,2,0
2024-01-01,51067,50-64,15,134,15,3,0
2024-01-01,51067,65+,13,87,13,0,0
2024-01-01,51073,0-17,18,139,18,3,1
2024-01-01,51073,18-49,37,397,37,7,1
2024-01-01,51073,50-64,11,137,11,3,0
2024-01-01,51073,65+,7,90,7,0,0
2024-01-01,51075,0-17,8,51,8,2,1
2024-01-01,51075,18-49,17,134,17,0,0
2024-01-01,51075,50-64,4,44,4,1,1
2024-01-01,51075,65+,4,36,4,0,0
2024-01-01,51163,0-17,12,71,12,0,1
2024-01-01,51163,18-49,12,170,12,0,0
2024-01-01,51163,50-64,6,61,6,0,0
2024-01-01,51163,65+,4,49,4,0,0
2024-01-01,51683,0-17,14,170,14,2,1
2024-01-01,51683,18-49,34,390,34,2,1
2024-01-01,51683,50-64,15,142,15,0,2
2024-01-01,51683,65+,7,99,7,2,0
2024-02-01,51013,0-17,89,729,89,9,0
2024-02-01,51013,18-49,209,1794,209,18,1
2024-02-01,51013,50-64,84,643,84,7,0
2024-02-01,51013,65+,50,373,50,2,1
2024-02-01,51059,0-17,347,3897,347,23,1
2024-02-01,51059,18-49,839,9670,839,54,7
2024-02-01,51059,50-64,327,3506,327,18,4
2024-02-01,51059,65+,201,2347,201,20,1
2024-02-01,51107,0-17,125,982,125,12,0
2024-02-01,51107,18-49,351,2694,351,21,4
2024-02-01,51107,50-64,131,997,131,9,1
2024-02-01,51107,65+,95,612,95,9,1
2024-02-01,51153,0-17,169,1256,169,11,3
2024-02-01,51153,18-49,411,3208,411,27,2
2024-02-01,51153,50-64,149,1158,149,20,0
2024-02-01,51153,65+,114,793,114,8,0
2024-02-01,51510,0-17,54,571,54,4,0
2024-02-01,51510,18-49,158,1392,158,10,1
2024-02-01,51510,50-64,56,541,56,4,1
2024-02-01,51510,65+,27,336,27,0,0
2024-02-01,51610,0-17,5,41,5,0,0
2024-02-01,51610,18-49,8,114,8,0,0
2024-02-01,51610,50-64,4,32,4,0,0
2024-02-01,51610,65+,5,37,5,1,0
2024-02-01,51061,0-17,18,166,18,3,0
2024-02-01,51061,18-49,52,467,52,5,0
2024-02-01,51061,50-64,29,148,29,4,1
2024-02-01,51061,65+,14,106,14,1,0
2024-02-01,51069,0-17,41,371,41,4,0
2024-02-01,51069,18-49,95,989,95,6,0
2024-02-01,51069,50-64,34,363,34,8,0
2024-02-01,51069,65+,30,250,30,6,0
2024-02-01,51179,0-17,55,566,55,6,0
2024-02-01,51179,18-49,119,1410,119,6,0
2024-02-01,51179,50-64,38,531,38,4,2
2024-02-01,51179,65+,40,367,40,6,0
2024-02-01,51177,0-17,32,464,32,6,0
2024-02-01,51177,18-49,98,985,98,7,1
2024-02-01,51177,50-64,32,380,32,1,0
2024-02-01,51177,65+,20,249,20,0,1
2024-02-01,51003,0-17,43,432,43,3,0
2024-02-01,51003,18-49,98,1078,98,12,3
2024-02-01,51003,50-64,34,386,34,0,0
2024-02-01,51003,65+,28,272,28,1,0
2024-02-01,51540,0-17,15,177,15,3,1
2024-02-01,51540,18-49,38,437,38,1,0
2024-02-01,51540,50-64,13,155,13,1,0
2024-02-01,51540,65+,10,97,10,1,0
2024-02-01,51041,0-17,102,1221,102,10,1
2024-02-01,51041,18-49,332,3138,332,28,2
2024-02-01,51041,50-64,99,1080,99,10,1
2024-02-01,51041,65+,64,698,64,8,1
2024-02-01,51087,0-17,119,1161,119,10,1
2024-02-01,51087,18-49,246,2891,246,22,4
2024-02-01,51087,50-64,90,1027,90,8,1
2024-02-01,51087,65+,62,701,62,5,0
2024-02-01,51760,0-17,58,548,58,5,0
2024-02-01,51760,18-49,162,1415,162,11,1
2024-02-01,51760,50-64,39,522,39,4,0
2024-02-01,51760,65+,44,331,44,4,0
2024-02-01,51810,0-17,164,1526,164,17,2
2024-02-01,51810,18-49,341,4070,341,34,2
2024-02-01,51810,50-64,157,1450,157,11,3
2024-02-01,51810,65+,91,1004,91,5,1
2024-02-01,51700,0-17,58,604,58,5,0
2024-02-01,51700,18-49,146,1443,146,20,1
2024-02-01,51700,50-64,62,546,62,3,1
2024-02-01,51700,65+,44,362,44,4,1
2024-02-01,51730,0-17,8,107,8,1,0
2024-02-01,51730,18-49,27,239,27,1,0
2024-02-01,51730,50-64,16,105,16,1,0
2024-02-01,51730,65+,7,55,7,1,0
2024-02-01,51710,0-17,89,873,89,6,1
2024-02-01,51710,18-49,245,2295,245,15,4
2024-02-01,51710,50-64,88,800,88,14,1
2024-02-01,51710,65+,53,588,53,7,1
2024-02-01,51740,0-17,32,339,32,2,0
2024-02-01,51740,18-49,73,770,73,6,3
2024-02-01,51740,50-64,26,308,26,2,1
2024-02-01,51740,65+,14,209,14,3,0
2024-02-01,51750,0-17,8,59,8,2,0
2024-02-01,51750,18-49,11,122,11,1,1
2024-02-01,51750,50-64,5,49,5,1,0
2024-02-01,51750,65+,5,37,5,0,0
2024-02-01,51121,0-17,39,297,39,1,0
2024-02-01,51121,18-49,78,744,78,7,0
2024-02-01,51121,50-64,21,270,21,1,0
2024-02-01,51121,65+,24,194,24,2,0
2024-02-01,51770,0-17,35,378,35,2,0
2024-02-01,51770,18-49,76,971,76,4,0
2024-02-01,51770,50-64,31,361,31,4,0
2024-02-01,51770,65+,23,257,23,2,1
2024-02-01,51161,0-17,32,211,32,1,0
2024-02-01,51161,18-49,71,516,71,6,0
2024-02-01,51161,50-64,26,193,26,2,0
2024-02-01,51161,65+,14,164,14,2,0
2024-02-01,51800,0-17,26,202,26,4,1
2024-02-01,51800,18-49,47,512,47,3,0
2024-02-01,51800,50-64,21,184,21,2,0
2024-02-01,51800,65+,18,140,18,2,0
2024-02-01,51720,0-17,0,7,0,0,0
2024-02-01,51720,18-49,5,37,5,1,0
2024-02-01,51720,50-64,0,12,0,0,0
2024-02-01,51720,65+,1,2,1,0,0
2024-02-01,51001,0-17,6,119,6,1,0
2024-02-01,51001,18-49,37,335,37,4,2
2024-02-01,51001,50-64,5,98,5,0,0
2024-02-01,51001,65+,9,71,9,1,0
2024-02-01,51005,0-17,7,81,7,1,0
2024-02-01,51005,18-49,16,142,16,2,0
2024-02-01,51005,50-64,4,54,4,0,0
2024-02-01,51005,65+,2,38,2,0,0
2024-02-01,51015,0-17,31,263,31,4,0
2024-02-01,51015,18-49,74,829,74,7,0
2024-02-01,51015,50-64,19,306,19,2,0
2024-02-01,51015,65+,24,197,24,2,0
2024-02-01,51019,0-17,29,246,29,0,0
2024-02-01,51019,18-49,80,640,80,8,0
2024-02-01,51019,50-64,24,241,24,1,0
2024-02-01,51019,65+,21,138,21,4,0
2024-02-01,51023,0-17,13,143,13,1,0
2024-02-01,51023,18-49,35,405,35,3,0
2024-02-01,51023,50-64,11,146,11,0,0
2024-02-01,51023,65+,9,87,9,1,0
2024-02-01,51031,0-17,14,206,14,1,0
2024-02-01,51031,18-49,52,472,52,5,0
2024-02-01,51031,50-64,18,173,18,6,0
2024-02-01,51031,65+,15,113,15,3,0
2024-02-01,51033,0-17,12,116,12,0,0
2024-02-01,51033,18-49,32,277,32,5,1
2024-02-01,51033,50-64,9,84,9,0,0
2024-02-01,51033,65+,5,58,5,0,0
2024-02-01,51035,0-17,8,67,8,0,0
2024-02-01,51035,18-49,20,157,20,1,0
2024-02-01,51035,50-64,6,50,6,1,0
2024-02-01,51035,65+,5,32,5,0,0
2024-02-01,51047,0-17,12,121,12,3,0
2024-02-01,51047,18-49,43,337,43,1,2
2024-02-01,51047,50-64,17,94,17,1,0
2024-02-01,51047,65+,10,86,10,0,0
2024-02-01,51067,0-17,13,171,13,2,0
2024-02-01,51067,18-49,41,409,41,4,0
2024-02-01,51067,50-64,12,146,12,0,0
2024-02-01,51067,65+,5,117,5,1,0
2024-02-01,51073,0-17,12,118,12,0,0
2024-02-01,51073,18-49,34,285,34,2,1
2024-02-01,51073,50-64,8,87,8,1,0
2024-02-01,51073,65+,5,61,5,0,0
2024-02-01,51075,0-17,5,102,5,1,0
2024-02-01,51075,18-49,24,239,24,5,0
2024-02-01,51075,50-64,6,70,6,0,0
2024-02-01,51075,65+,8,60,8,1,0
2024-02-01,51163,0-17,9,73,9,1,0
2024-02-01,51163,18-49,17,200,17,0,1
2024-02-01,51163,50-64,9,78,9,0,0
2024-02-01,51163,65+,5,44,5,0,0
2024-02-01,51683,0-17,11,156,11,0,0
2024-02-01,51683,18-49,34,367,34,4,0
2024-02-01,51683,50-64,17,148,17,2,0
2024-02-01,51683,65+,10,85,10,1,0
2024-03-01,51013,0-17,58,698,58,8,0
2024-03-01,51013,18-49,149,1712,149,11,2
2024-03-01,51013,50-64,58,635,58,2,0
2024-03-01,51013,65+,45,435,45,4,0
2024-03-01,51059,0-17,337,2921,337,23,0
2024-03-01,51059,18-49,828,7227,828,52,8
2024-03-01,51059,50-64,300,2586,300,15,5
2024-03-01,51059,65+,183,1697,183,11,1
2024-03-01,51107,0-17,106,1357,106,2,0
2024-03-01,51107,18-49,325,3301,325,21,2
2024-03-01,51107,50-64,101,1223,101,5,1
2024-03-01,51107,65+,82,807,82,6,0
2024-03-01,51153,0-17,143,1452,143,14,1
2024-03-01,51153,18-49,352,3502,352,25,3
2024-03-01,51153,50-64,124,1247,124,11,1
2024-03-01,51153,65+,73,836,73,7,0
2024-03-01,51510,0-17,45,519,45,1,0
2024-03-01,51510,18-49,115,1298,115,6,0
2024-03-01,51510,50-64,40,468,40,2,0
2024-03-01,51510,65+,26,317,26,1,1
2024-03-01,51610,0-17,2,29,2,0,0
2024-03-01,51610,18-49,8,78,8,0,0
2024-03-01,51610,50-64,5,29,5,0,0
2024-03-01,51610,65+,0,17,0,0,0
2024-03-01,51061,0-17,22,225,22,2,0
2024-03-01,51061,18-49,37,553,37,5,0
2024-03-01,51061,50-64,27,221,27,3,0
2024-03-01,51061,65+,12,121,12,0,0
2024-03-01,51069,0-17,21,206,21,0,1
2024-03-01,51069,18-49,57,522,57,4,1
2024-03-01,51069,50-64,18,177,18,3,0
2024-03-01,51069,65+,15,119,15,1,1
2024-03-01,51179,0-17,37,280,37,1,1
2024-03-01,51179,18-49,91,647,91,5,1
2024-03-01,51179,50-64,33,240,33,3,1
2024-03-01,51179,65+,15,162,15,1,1
2024-03-01,51177,0-17,51,417,51,1,0
2024-03-01,51177,18-49,98,1030,98,6,0
2024-03-01,51177,50-64,38,332,38,2,0
2024-03-01,51177,65+,34,247,34,3,2
2024-03-01,51003,0-17,26,261,26,0,0
2024-03-01,51003,18-49,65,650,65,8,1
2024-03-01,51003,50-64,26,227,26,1,2
2024-03-01,51003,65+,15,140,15,2,0
2024-03-01,51540,0-17,7,93,7,0,0
2024-03-01,51540,18-49,25,203,25,4,0
2024-03-01,51540,50-64,9,79,9,1,0
2024-03-01,51540,65+,6,49,6,0,0
2024-03-01,51041,0-17,101,965,101,9,2
2024-03-01,51041,18-49,264,2575,264,13,4
2024-03-01,51041,50-64,94,940,94,8,0
2024-03-01,51041,65+,51,651,51,2,0
2024-03-01,51087,0-17,108,1054,108,8,1
2024-03-01,51087,18-49,247,2660,247,22,3
2024-03-01,51087,50-64,93,902,93,2,1
2024-03-01,51087,65+,67,610,67,4,0
2024-03-01,51760,0-17,80,588,80,5,0
2024-03-01,51760,18-49,179,1510,179,11,2
2024-03-01,51760,50-64,63,561,63,1,2
2024-03-01,51760,65+,28,405,28,1,0
2024-03-01,51810,0-17,86,662,86,11,0
2024-03-01,51810,18-49,209,1706,209,15,3
2024-03-01,51810,50-64,80,623,80,4,0
2024-03-01,51810,65+,57,398,57,4,0
2024-03-01,51700,0-17,39,476,39,0,0
2024-03-01,51700,18-49,108,1121,108,7,0
2024-03-01,51700,50-64,44,447,44,0,1
2024-03-01,51700,65+,29,281,29,1,0
2024-03-01,51730,0-17,6,60,6,0,0
2024-03-01,51730,18-49,17,155,17,1,0
2024-03-01,51730,50-64,10,55,10,1,0
2024-03-01,51730,65+,5,32,5,0,0
2024-03-01,51710,0-17,52,420,52,5,1
2024-03-01,51710,18-49,133,1061,133,6,0
2024-03-01,51710,50-64,49,359,49,4,0
2024-03-01,51710,65+,26,233,26,1,0
2024-03-01,51740,0-17,29,313,29,1,0
2024-03-01,51740,18-49,64,702,64,6,0
2024-03-01,51740,50-64,28,275,28,0,0
2024-03-01,51740,65+,14,171,14,0,0
2024-03-01,51750,0-17,5,56,5,1,0
2024-03-01,51750,18-49,9,130,9,0,0
2024-03-01,51750,50-64,7,49,7,0,0
2024-03-01,51750,65+,5,29,5,0,1
2024-03-01,51121,0-17,26,277,26,3,0
2024-03-01,51121,18-49,75,673,75,11,0
2024-03-01,51121,50-64,29,242,29,2,0
2024-03-01,51121,65+,15,194,15,3,0
2024-03-01,51770,0-17,22,302,22,0,1
2024-03-01,51770,18-49,82,798,82,6,0
2024-03-01,51770,50-64,33,286,33,2,0
2024-03-01,51770,65+,19,189,19,0,0
2024-03-01,51161,0-17,25,289,25,4,0
2024-03-01,51161,18-49,68,707,68,3,2
2024-03-01,51161,50-64,21,219,21,3,0
2024-03-01,51161,65+,10,165,10,3,0
2024-03-01,51800,0-17,20,270,20,2,0
2024-03-01,51800,18-49,53,591,53,4,0
2024-03-01,51800,50-64,26,210,26,0,0
2024-03-01,51800,65+,18,134,18,1,0
2024-03-01,51720,0-17,1,10,1,0,0
2024-03-01,51720,18-49,3,33,3,0,1
2024-03-01,51720,50-64,0,7,0,0,0
2024-03-01,51720,65+,0,4,0,0,0
2024-03-01,51001,0-17,11,123,11,2,0
2024-03-01,51001,18-49,28,318,28,0,0
2024-03-01,51001,50-64,7,109,7,0,0
2024-03-01,51001,65+,8,78,8,0,0
2024-03-01,51005,0-17,4,36,4,1,0
2024-03-01,51005,18-49,8,79,8,0,0
2024-03-01,51005,50-64,5,39,5,0,0
2024-03-01,51005,65+,2,25,2,0,0
2024-03-01,51015,0-17,24,175,24,0,0
2024-03-01,51015,18-49,51,472,51,5,0
2024-03-01,51015,50-64,15,172,15,0,1
2024-03-01,51015,65+,12,133,12,0,0
2024-03-01,51019,0-17,25,141,25,1,0
2024-03-01,51019,18-49,43,333,43,5,0
2024-03-01,51019,50-64,12,108,12,1,0
2024-03-01,51019,65+,9,86,9,3,0
2024-03-01,51023,0-17,12,90,12,1,0
2024-03-01,51023,18-49,22,237,22,1,0
2024-03-01,51023,50-64,17,76,17,1,0
2024-03-01,51023,65+,5,59,5,1,0
2024-03-01,51031,0-17,20,181,20,2,0
2024-03-01,51031,18-49,43,515,43,4,0
2024-03-01,51031,50-64,14,147,14,0,0
2024-03-01,51031,65+,7,112,7,0,1
2024-03-01,51033,0-17,14,93,14,0,0
2024-03-01,51033,18-49,24,246,24,1,0
2024-03-01,51033,50-64,4,104,4,0,0
2024-03-01,51033,65+,3,59,3,1,0
2024-03-01,51035,0-17,7,72,7,1,0
2024-03-01,51035,18-49,19,179,19,1,0
2024-03-01,51035,50-64,9,53,9,0,0
2024-03-01,51035,65+,4,38,4,0,0
2024-03-01,51047,0-17,16,135,16,2,0
2024-03-01,51047,18-49,47,379,47,4,0
2024-03-01,51047,50-64,11,123,11,0,0
2024-03-01,51047,65+,16,79,16,1,0
2024-03-01,51067,0-17,11,203,11,0,0
2024-03-01,51067,18-49,50,474,50,7,0
2024-03-01,51067,50-64,9,185,9,0,0
2024-03-01,51067,65+,12,110,12,1,0
2024-03-01,51073,0-17,11,87,11,0,0
2024-03-01,51073,18-49,25,267,25,2,0
2024-03-01,51073,50-64,12,92,12,3,0
2024-03-01,51073,65+,2,61,2,0,0
2024-03-01,51075,0-17,1,51,1,0,0
2024-03-01,51075,18-49,15,121,15,0,0
2024-03-01,51075,50-64,5,36,5,0,0
2024-03-01,51075,65+,4,28,4,0,0
2024-03-01,51163,0-17,7,54,7,0,0
2024-03-01,51163,18-49,10,161,10,0,0
2024-03-01,51163,50-64,3,46,3,0,0
2024-03-01,51163,65+,6,45,6,1,0
2024-03-01,51683,0-17,15,98,15,1,0
2024-03-01,51683,18-49,27,246,27,4,0
2024-03-01,51683,50-64,4,92,4,0,0
2024-03-01,51683,65+,5,48,5,1,0
2024-04-01,51013,0-17,60,655,60,6,0
2024-04-01,51013,18-49,149,1777,149,12,1
2024-04-01,51013,50-64,53,577,53,1,0
2024-04-01,51013,65+,42,384,42,2,1
2024-04-01,51059,0-17,290,2916,290,13,1
2024-04-01,51059,18-49,633,7373,633,38,3
2024-04-01,51059,50-64,260,2545,260,11,0
2024-04-01,51059,65+,159,1750,159,13,0
2024-04-01,51107,0-17,80,613,80,5,0
2024-04-01,51107,18-49,174,1507,174,10,1
2024-04-01,51107,50-64,76,538,76,2,0
2024-04-01,51107,65+,57,345,57,4,1
2024-04-01,51153,0-17,140,1078,140,7,2
2024-04-01,51153,18-49,306,2640,306,21,4
2024-04-01,51153,50-64,109,965,109,6,0
2024-04-01,51153,65+,79,654,79,3,0
2024-04-01,51510,0-17,31,334,31,1,0
2024-04-01,51510,18-49,91,855,91,2,1
2024-04-01,51510,50-64,28,324,28,1,0
2024-04-01,51510,65+,24,216,24,1,0
2024-04-01,51610,0-17,4,27,4,0,0
2024-04-01,51610,18-49,7,61,7,1,0
2024-04-01,51610,50-64,5,18,5,0,0
2024-04-01,51610,65+,0,14,0,0,0
2024-04-01,51061,0-17,15,193,15,2,0
2024-04-01,51061,18-49,49,460,49,3,0
2024-04-01,51061,50-64,16,173,16,0,0
2024-04-01,51061,65+,13,113,13,0,0
2024-04-01,51069,0-17,26,198,26,2,0
2024-04-01,51069,18-49,56,520,56,2,0
2024-04-01,51069,50-64,27,201,27,1,1
2024-04-01,51069,65+,13,140,13,0,0
2024-04-01,51179,0-17,28,307,28,0,0
2024-04-01,51179,18-49,100,864,100,2,0
2024-04-01,51179,50-64,41,309,41,2,0
2024-04-01,51179,65+,18,194,18,2,0
2024-04-01,51177,0-17,27,447,27,2,0
2024-04-01,51177,18-49,90,1001,90,8,0
2024-04-01,51177,50-64,41,348,41,5,2
2024-04-01,51177,65+,29,247,29,1,1
2024-04-01,51003,0-17,28,291,28,1,0
2024-04-01,51003,18-49,72,713,72,5,1
2024-04-01,51003,50-64,28,272,28,3,0
2024-04-01,51003,65+,14,168,14,0,0
2024-04-01,51540,0-17,9,92,9,1,0
2024-04-01,51540,18-49,24,210,24,3,1
2024-04-01,51540,50-64,5,73,5,0,0
2024-04-01,51540,65+,7,43,7,0,0
2024-04-01,51041,0-17,85,847,85,3,0
2024-04-01,51041,18-49,237,2086,237,21,1
2024-04-01,51041,50-64,64,773,64,5,1
2024-04-01,51041,65+,54,514,54,7,0
2024-04-01,51087,0-17,70,626,70,6,0
2024-04-01,51087,18-49,184,1536,184,7,1
2024-04-01,51087,50-64,59,538,59,4,0
2024-04-01,51087,65+,40,354,40,2,0
2024-04-01,51760,0-17,29,436,29,1,0
2024-04-01,51760,18-49,88,1032,88,7,0
2024-04-01,51760,50-64,40,370,40,2,0
2024-04-01,51760,65+,28,234,28,3,0
2024-04-01,51810,0-17,100,1132,100,4,0
2024-04-01,51810,18-49,266,2705,266,21,1
2024-04-01,51810,50-64,108,1007,108,11,1
2024-04-01,51810,65+,68,633,68,4,0
2024-04-01,51700,0-17,50,565,50,2,0
2024-04-01,51700,18-49,130,1358,130,4,0
2024-04-01,51700,50-64,44,502,44,2,0
2024-04-01,51700,65+,24,323,24,3,0
2024-04-01,51730,0-17,5,56,5,0,0
2024-04-01,51730,18-49,14,138,14,1,0
2024-04-01,51730,50-64,4,52,4,1,0
2024-04-01,51730,65+,3,37,3,0,0
2024-04-01,51710,0-17,56,371,56,1,1
2024-04-01,51710,18-49,122,998,122,2,0
2024-04-01,51710,50-64,45,371,45,4,0
2024-04-01,51710,65+,32,201,32,2,0
2024-04-01,51740,0-17,26,211,26,0,0
2024-04-01,51740,18-49,58,516,58,3,1
2024-04-01,51740,50-64,16,181,16,0,0
2024-04-01,51740,65+,19,126,19,1,0
2024-04-01,51750,0-17,4,26,4,0,0
2024-04-01,51750,18-49,11,90,11,0,0
2024-04-01,51750,50-64,4,36,4,0,0
2024-04-01,51750,65+,2,19,2,0,0
2024-04-01,51121,0-17,25,203,25,0,0
2024-04-01,51121,18-49,55,454,55,1,1
2024-04-01,51121,50-64,13,188,13,1,0
2024-04-01,51121,65+,12,104,12,2,1
2024-04-01,51770,0-17,27,323,27,2,0
2024-04-01,51770,18-49,81,831,81,1,0
2024-04-01,51770,50-64,20,330,20,1,0
2024-04-01,51770,65+,18,201,18,1,0
2024-04-01,51161,0-17,17,107,17,0,0
2024-04-01,51161,18-49,39,297,39,3,0
2024-04-01,51161,50-64,15,112,15,0,0
2024-04-01,51161,65+,7,86,7,0,0
2024-04-01,51800,0-17,26,265,26,0,0
2024-04-01,51800,18-49,69,741,69,5,0
2024-04-01,51800,50-64,26,283,26,4,0
2024-04-01,51800,65+,12,201,12,1,0
2024-04-01,51720,0-17,1,13,1,0,0
2024-04-01,51720,18-49,2,25,2,0,0
2024-04-01,51720,50-64,0,10,0,0,0
2024-04-01,51720,65+,1,6,1,0,0
2024-04-01,51001,0-17,6,61,6,0,0
2024-04-01,51001,18-49,18,160,18,1,0
2024-04-01,51001,50-64,9,44,9,0,0
2024-04-01,51001,65+,7,42,7,1,0
2024-04-01,51005,0-17,3,32,3,0,0
2024-04-01,51005,18-49,9,84,9,0,0
2024-04-01,51005,50-64,1,33,1,0,0
2024-04-01,51005,65+,4,19,4,1,0
2024-04-01,51015,0-17,13,177,13,0,0
2024-04-01,51015,18-49,55,464,55,1,0
2024-04-01,51015,50-64,18,160,18,1,0
2024-04-01,51015,65+,20,120,20,2,0
2024-04-01,51019,0-17,13,162,13,1,0
2024-04-01,51019,18-49,66,414,66,3,1
2024-04-01,51019,50-64,18,172,18,0,0
2024-04-01,51019,65+,8,116,8,0,0
2024-04-01,51023,0-17,9,81,9,1,0
2024-04-01,51023,18-49,21,204,21,3,1
2024-04-01,51023,50-64,4,65,4,0,0
2024-04-01,51023,65+,6,47,6,0,0
2024-04-01,51031,0-17,11,120,11,1,0
2024-04-01,51031,18-49,32,294,32,0,0
2024-04-01,51031,50-64,14,100,14,0,0
2024-04-01,51031,65+,5,74,5,0,0
2024-04-01,51033,0-17,5,64,5,0,0
2024-04-01,51033,18-49,16,133,16,3,0
2024-04-01,51033,50-64,6,56,6,2,0
2024-04-01,51033,65+,6,28,6,1,0
2024-04-01,51035,0-17,6,63,6,1,0
2024-04-01,51035,18-49,11,113,11,0,1
2024-04-01,51035,50-64,7,43,7,1,0
2024-04-01,51035,65+,3,35,3,0,0
2024-04-01,51047,0-17,15,147,15,0,0
2024-04-01,51047,18-49,36,375,36,2,0
2024-04-01,51047,50-64,13,118,13,2,0
2024-04-01,51047,65+,7,85,7,0,0
2024-04-01,51067,0-17,6,78,6,0,0
2024-04-01,51067,18-49,32,244,32,2,0
2024-04-01,51067,50-64,13,97,13,0,1
2024-04-01,51067,65+,8,45,8,0,0
2024-04-01,51073,0-17,11,83,11,1,0
2024-04-01,51073,18-49,15,178,15,0,0
2024-04-01,51073,50-64,6,70,6,0,0
2024-04-01,51073,65+,6,43,6,0,0
2024-04-01,51075,0-17,6,50,6,1,0
2024-04-01,51075,18-49,14,108,14,2,0
2024-04-01,51075,50-64,5,44,5,0,0
2024-04-01,51075,65+,0,30,0,0,0
2024-04-01,51163,0-17,3,51,3,0,0
2024-04-01,51163,18-49,8,100,8,0,0
2024-04-01,51163,50-64,8,36,8,0,0
2024-04-01,51163,65+,5,27,5,0,0
2024-04-01,51683,0-17,7,106,7,0,0
2024-04-01,51683,18-49,32,246,32,2,0
2024-04-01,51683,50-64,6,107,6,0,0
2024-04-01,51683,65+,3,58,3,0,0
2024-05-01,51013,0-17,56,616,56,4,0
2024-05-01,51013,18-49,136,1449,136,8,1
2024-05-01,51013,50-64,46,541,46,2,0
2024-05-01,51013,65+,29,381,29,2,0
2024-05-01,51059,0-17,229,2193,229,13,2
2024-05-01,51059,18-49,531,5531,531,26,6
2024-05-01,51059,50-64,197,1913,197,11,1
2024-05-01,51059,65+,122,1293,122,3,2
2024-05-01,51107,0-17,128,1188,128,9,2
2024-05-01,51107,18-49,286,3069,286,15,1
2024-05-01,51107,50-64,110,1080,110,3,0
2024-05-01,51107,65+,78,753,78,4,0
2024-05-01,51153,0-17,140,981,140,8,2
2024-05-01,51153,18-49,316,2524,316,22,4
2024-05-01,51153,50-64,122,966,122,7,0
2024-05-01,51153,65+,73,647,73,3,2
2024-05-01,51510,0-17,31,261,31,3,0
2024-05-01,51510,18-49,66,590,66,4,1
2024-05-01,51510,50-64,30,221,30,1,0
2024-05-01,51510,65+,21,126,21,2,0
2024-05-01,51610,0-17,2,34,2,0,0
2024-05-01,51610,18-49,8,83,8,0,0
2024-05-01,51610,50-64,3,23,3,0,0
2024-05-01,51610,65+,3,18,3,0,0
2024-05-01,51061,0-17,10,100,10,0,1
2024-05-01,51061,18-49,31,266,31,2,1
2024-05-01,51061,50-64,9,130,9,1,0
2024-05-01,51061,65+,2,90,2,0,0
2024-05-01,51069,0-17,16,133,16,0,0
2024-05-01,51069,18-49,29,324,29,0,1
2024-05-01,51069,50-64,19,115,19,0,0
2024-05-01,51069,65+,8,84,8,0,0
2024-05-01,51179,0-17,30,194,30,4,0
2024-05-01,51179,18-49,64,517,64,2,0
2024-05-01,51179,50-64,23,187,23,2,0
2024-05-01,51179,65+,13,133,13,0,0
2024-05-01,51177,0-17,26,252,26,2,0
2024-05-01,51177,18-49,71,658,71,3,0
2024-05-01,51177,50-64,23,207,23,1,0
2024-05-01,51177,65+,14,138,14,0,0
2024-05-01,51003,0-17,17,192,17,0,0
2024-05-01,51003,18-49,44,502,44,2,0
2024-05-01,51003,50-64,18,171,18,1,0
2024-05-01,51003,65+,13,132,13,1,0
2024-05-01,51540,0-17,9,120,9,1,0
2024-05-01,51540,18-49,28,270,28,1,0
2024-05-01,51540,50-64,6,93,6,1,0
2024-05-01,51540,65+,4,68,4,0,0
2024-05-01,51041,0-17,70,602,70,4,0
2024-05-01,51041,18-49,181,1433,181,10,0
2024-05-01,51041,50-64,56,514,56,4,1
2024-05-01,51041,65+,38,346,38,4,0
2024-05-01,51087,0-17,83,955,83,3,0
2024-05-01,51087,18-49,187,2405,187,12,0
2024-05-01,51087,50-64,85,824,85,6,2
2024-05-01,51087,65+,50,551,50,2,0
2024-05-01,51760,0-17,67,607,67,5,0
2024-05-01,51760,18-49,129,1414,129,5,1
2024-05-01,51760,50-64,39,527,39,2,1
2024-05-01,51760,65+,30,352,30,1,0
2024-05-01,51810,0-17,72,574,72,4,0
2024-05-01,51810,18-49,185,1425,185,10,2
2024-05-01,51810,50-64,74,510,74,4,1
2024-05-01,51810,65+,30,299,30,0,0
2024-05-01,51700,0-17,58,463,58,5,0
2024-05-01,51700,18-49,93,1213,93,4,0
2024-05-01,51700,50-64,40,460,40,1,0
2024-05-01,51700,65+,31,280,31,3,0
2024-05-01,51730,0-17,5,104,5,0,0
2024-05-01,51730,18-49,19,220,19,2,0
2024-05-01,51730,50-64,9,79,9,0,1
2024-05-01,51730,65+,7,46,7,0,0
2024-05-01,51710,0-17,43,462,43,2,0
2024-05-01,51710,18-49,124,1181,124,5,2
2024-05-01,51710,50-64,54,441,54,3,0
2024-05-01,51710,65+,28,277,28,5,0
2024-05-01,51740,0-17,19,120,19,1,0
2024-05-01,51740,18-49,34,279,34,2,2
2024-05-01,51740,50-64,17,123,17,1,0
2024-05-01,51740,65+,8,63,8,0,0
2024-05-01,51750,0-17,3,31,3,1,0
2024-05-01,51750,18-49,9,113,9,0,0
2024-05-01,51750,50-64,4,33,4,2,1
2024-05-01,51750,65+,2,22,2,0,0
2024-05-01,51121,0-17,15,141,15,0,0
2024-05-01,51121,18-49,41,316,41,2,1
2024-05-01,51121,50-64,20,114,20,0,1
2024-05-01,51121,65+,11,84,11,0,0
2024-05-01,51770,0-17,16,178,16,0,0
2024-05-01,51770,18-49,46,414,46,4,0
2024-05-01,51770,50-64,21,183,21,0,0
2024-05-01,51770,65+,16,100,16,2,1
2024-05-01,51161,0-17,17,147,17,1,0
2024-05-01,51161,18-49,45,399,45,0,0
2024-05-01,51161,50-64,19,148,19,1,1
2024-05-01,51161,65+,8,89,8,0,1
2024-05-01,51800,0-17,17,185,17,0,0
2024-05-01,51800,18-49,62,438,62,3,0
2024-05-01,51800,50-64,15,171,15,1,0
2024-05-01,51800,65+,16,100,16,0,0
2024-05-01,51720,0-17,0,8,0,0,0
2024-05-01,51720,18-49,3,33,3,0,0
2024-05-01,51720,50-64,0,6,0,0,0
2024-05-01,51720,65+,1,7,1,0,0
2024-05-01,51001,0-17,6,57,6,0,0
2024-05-01,51001,18-49,18,177,18,0,0
2024-05-01,51001,50-64,5,80,5,0,0
2024-05-01,51001,65+,2,45,2,0,0
2024-05-01,51005,0-17,5,32,5,0,0
2024-05-01,51005,18-49,6,54,6,1,0
2024-05-01,51005,50-64,2,19,2,0,0
2024-05-01,51005,65+,1,14,1,0,0
2024-05-01,51015,0-17,12,198,12,1,0
2024-05-01,51015,18-49,49,501,49,1,0
2024-05-01,51015,50-64,15,184,15,0,1
2024-05-01,51015,65+,12,111,12,1,0
2024-05-01,51019,0-17,16,161,16,1,1
2024-05-01,51019,18-49,36,405,36,2,0
2024-05-01,51019,50-64,11,158,11,1,0
2024-05-01,51019,65+,7,83,7,1,0
2024-05-01,51023,0-17,8,92,8,0,0
2024-05-01,51023,18-49,17,193,17,1,0
2024-05-01,51023,50-64,9,70,9,0,0
2024-05-01,51023,65+,5,42,5,0,0
2024-05-01,51031,0-17,12,127,12,1,0
2024-05-01,51031,18-49,32,324,32,4,0
2024-05-01,51031,50-64,13,117,13,1,0
2024-05-01,51031,65+,3,76,3,1,0
2024-05-01,51033,0-17,6,63,6,0,0
2024-05-01,51033,18-49,17,144,17,0,0
2024-05-01,51033,50-64,3,59,3,1,0
2024-05-01,51033,65+,4,30,4,1,0
2024-05-01,51035,0-17,8,60,8,0,0
2024-05-01,51035,18-49,15,117,15,0,0
2024-05-01,51035,50-64,7,39,7,0,0
2024-05-01,51035,65+,2,25,2,0,0
2024-05-01,51047,0-17,12,73,12,1,0
2024-05-01,51047,18-49,26,183,26,1,0
2024-05-01,51047,50-64,9,70,9,0,0
2024-05-01,51047,65+,1,41,1,0,0
2024-05-01,51067,0-17,13,124,13,1,0
2024-05-01,51067,18-49,35,337,35,2,1
2024-05-01,51067,50-64,11,85,11,0,0
2024-05-01,51067,65+,10,60,10,0,0
2024-05-01,51073,0-17,9,98,9,1,0
2024-05-01,51073,18-49,19,204,19,1,0
2024-05-01,51073,50-64,9,77,9,0,0
2024-05-01,51073,65+,5,44,5,0,0
2024-05-01,51075,0-17,3,37,3,1,0
2024-05-01,51075,18-49,16,103,16,0,0
2024-05-01,51075,50-64,4,30,4,0,0
2024-05-01,51075,65+,1,25,1,0,0
2024-05-01,51163,0-17,3,39,3,0,0
2024-05-01,51163,18-49,13,104,13,0,1
2024-05-01,51163,50-64,4,41,4,1,0
2024-05-01,51163,65+,3,26,3,0,0
2024-05-01,51683,0-17,7,89,7,0,0
2024-05-01,51683,18-49,20,255,20,0,0
2024-05-01,51683,50-64,10,92,10,0,0
2024-05-01,51683,65+,5,58,5,0,0
2024-06-01,51013,0-17,35,426,35,4,0
2024-06-01,51013,18-49,105,1051,105,6,0
2024-06-01,51013,50-64,27,371,27,0,0
2024-06-01,51013,65+,31,261,31,3,0
2024-06-01,51059,0-17,269,2390,269,10,5
2024-06-01,51059,18-49,575,5976,575,25,3
2024-06-01,51059,50-64,195,2089,195,14,0
2024-06-01,51059,65+,149,1436,149,6,2
2024-06-01,51107,0-17,62,557,62,2,0
2024-06-01,51107,18-49,187,1469,187,13,3
2024-06-01,51107,50-64,69,544,69,6,2
2024-06-01,51107,65+,36,378,36,1,0
2024-06-01,51153,0-17,94,864,94,9,2
2024-06-01,51153,18-49,257,2144,257,18,0
2024-06-01,51153,50-64,83,780,83,3,1
2024-06-01,51153,65+,56,510,56,3,1
2024-06-01,51510,0-17,31,263,31,1,2
2024-06-01,51510,18-49,70,588,70,3,0
2024-06-01,51510,50-64,26,238,26,2,0
2024-06-01,51510,65+,18,166,18,1,0
2024-06-01,51610,0-17,2,17,2,0,0
2024-06-01,51610,18-49,4,44,4,0,0
2024-06-01,51610,50-64,2,22,2,0,0
2024-06-01,51610,65+,2,11,2,0,0
2024-06-01,51061,0-17,15,159,15,0,0
2024-06-01,51061,18-49,46,428,46,4,0
2024-06-01,51061,50-64,12,120,12,2,0
2024-06-01,51061,65+,8,113,8,0,0
2024-06-01,51069,0-17,12,146,12,1,0
2024-06-01,51069,18-49,39,290,39,0,1
2024-06-01,51069,50-64,12,112,12,1,0
2024-06-01,51069,65+,6,67,6,0,0
2024-06-01,51179,0-17,25,339,25,0,1
2024-06-01,51179,18-49,73,851,73,3,1
2024-06-01,51179,50-64,28,312,28,1,0
2024-06-01,51179,65+,19,207,19,3,0
2024-06-01,51177,0-17,34,300,34,2,0
2024-06-01,51177,18-49,68,823,68,2,1
2024-06-01,51177,50-64,27,286,27,2,0
2024-06-01,51177,65+,16,185,16,0,1
2024-06-01,51003,0-17,28,308,28,0,0
2024-06-01,51003,18-49,67,734,67,3,0
2024-06-01,51003,50-64,19,251,19,0,1
2024-06-01,51003,65+,13,182,13,0,0
2024-06-01,51540,0-17,6,107,6,0,0
2024-06-01,51540,18-49,24,264,24,1,0
2024-06-01,51540,50-64,8,88,8,0,0
2024-06-01,51540,65+,8,53,8,1,0
2024-06-01,51041,0-17,39,390,39,2,0
2024-06-01,51041,18-49,136,1001,136,9,0
2024-06-01,51041,50-64,49,366,49,3,0
2024-06-01,51041,65+,25,230,25,0,0
2024-06-01,51087,0-17,64,633,64,6,0
2024-06-01,51087,18-49,137,1598,137,7,3
2024-06-01,51087,50-64,37,599,37,1,0
2024-06-01,51087,65+,39,407,39,2,0
2024-06-01,51760,0-17,57,552,57,2,0
2024-06-01,51760,18-49,126,1382,126,8,0
2024-06-01,51760,50-64,42,469,42,4,0
2024-06-01,51760,65+,29,319,29,1,1
2024-06-01,51810,0-17,77,742,77,5,0
2024-06-01,51810,18-49,234,1937,234,10,0
2024-06-01,51810,50-64,66,715,66,2,1
2024-06-01,51810,65+,48,448,48,3,0
2024-06-01,51700,0-17,42,316,42,3,0
2024-06-01,51700,18-49,87,848,87,6,2
2024-06-01,51700,50-64,46,305,46,1,0
2024-06-01,51700,65+,25,216,25,1,0
2024-06-01,51730,0-17,9,54,9,1,0
2024-06-01,51730,18-49,14,118,14,1,0
2024-06-01,51730,50-64,4,44,4,0,1
2024-06-01,51730,65+,1,23,1,0,0
2024-06-01,51710,0-17,48,411,48,1,0
2024-06-01,51710,18-49,135,1127,135,5,0
2024-06-01,51710,50-64,37,414,37,0,0
2024-06-01,51710,65+,34,241,34,0,0
2024-06-01,51740,0-17,21,109,21,2,0
2024-06-01,51740,18-49,32,322,32,5,1
2024-06-01,51740,50-64,15,122,15,0,1
2024-06-01,51740,65+,9,58,9,1,0
2024-06-01,51750,0-17,3,30,3,0,0
2024-06-01,51750,18-49,8,75,8,0,0
2024-06-01,51750,50-64,3,38,3,0,0
2024-06-01,51750,65+,2,33,2,0,0
2024-06-01,51121,0-17,22,195,22,2,0
2024-06-01,51121,18-49,48,480,48,8,1
2024-06-01,51121,50-64,13,198,13,0,0
2024-06-01,51121,65+,11,97,11,0,0
2024-06-01,51770,0-17,16,174,16,0,0
2024-06-01,51770,18-49,50,354,50,1,1
2024-06-01,51770,50-64,14,132,14,1,0
2024-06-01,51770,65+,7,98,7,1,0
2024-06-01,51161,0-17,16,177,16,1,0
2024-06-01,51161,18-49,43,450,43,2,1
2024-06-01,51161,50-64,9,156,9,0,0
2024-06-01,51161,65+,18,108,18,0,0
2024-06-01,51800,0-17,23,159,23,1,0
2024-06-01,51800,18-49,41,394,41,0,0
2024-06-01,51800,50-64,20,152,20,1,0
2024-06-01,51800,65+,12,85,12,1,0
2024-06-01,51720,0-17,0,12,0,0,0
2024-06-01,51720,18-49,2,26,2,0,0
2024-06-01,51720,50-64,0,9,0,0,0
2024-06-01,51720,65+,1,6,1,1,0
2024-06-01,51001,0-17,6,101,6,0,0
2024-06-01,51001,18-49,22,198,22,2,1
2024-06-01,51001,50-64,9,73,9,0,0
2024-06-01,51001,65+,4,43,4,0,0
2024-06-01,51005,0-17,5,19,5,0,0
2024-06-01,51005,18-49,5,54,5,0,0
2024-06-01,51005,50-64,0,16,0,0,0
2024-06-01,51005,65+,1,22,1,0,0
2024-06-01,51015,0-17,15,82,15,0,0
2024-06-01,51015,18-49,32,228,32,2,0
2024-06-01,51015,50-64,10,86,10,0,0
2024-06-01,51015,65+,3,55,3,1,0
2024-06-01,51019,0-17,23,195,23,1,0
2024-06-01,51019,18-49,44,441,44,4,0
2024-06-01,51019,50-64,12,178,12,1,0
2024-06-01,51019,65+,4,126,4,1,0
2024-06-01,51023,0-17,4,55,4,0,1
2024-06-01,51023,18-49,17,195,17,0,0
2024-06-01,51023,50-64,8,63,8,1,0
2024-06-01,51023,65+,3,37,3,0,0
2024-06-01,51031,0-17,17,105,17,1,0
2024-06-01,51031,18-49,28,256,28,1,0
2024-06-01,51031,50-64,17,104,17,1,0
2024-06-01,51031,65+,6,72,6,0,0
2024-06-01,51033,0-17,4,46,4,0,0
2024-06-01,51033,18-49,15,118,15,0,0
2024-06-01,51033,50-64,5,54,5,0,0
2024-06-01,51033,65+,6,24,6,0,0
2024-06-01,51035,0-17,2,42,2,0,0
2024-06-01,51035,18-49,15,118,15,0,0
2024-06-01,51035,50-64,4,43,4,0,0
2024-06-01,51035,65+,3,26,3,0,0
2024-06-01,51047,0-17,7,113,7,0,0
2024-06-01,51047,18-49,29,242,29,0,1
2024-06-01,51047,50-64,16,86,16,2,0
2024-06-01,51047,65+,7,55,7,2,0
2024-06-01,51067,0-17,4,97,4,0,0
2024-06-01,51067,18-49,22,218,22,1,0
2024-06-01,51067,50-64,17,83,17,0,1
2024-06-01,51067,65+,16,58,16,0,0
2024-06-01,51073,0-17,7,52,7,0,0
2024-06-01,51073,18-49,14,104,14,0,0
2024-06-01,51073,50-64,3,36,3,0,0
2024-06-01,51073,65+,2,15,2,0,0
2024-06-01,51075,0-17,8,33,8,0,0
2024-06-01,51075,18-49,9,102,9,0,0
2024-06-01,51075,50-64,2,29,2,0,0
2024-06-01,51075,65+,0,20,0,0,0
2024-06-01,51163,0-17,5,40,5,0,0
2024-06-01,51163,18-49,8,70,8,0,0
2024-06-01,51163,50-64,3,23,3,0,0
2024-06-01,51163,65+,3,21,3,0,0
2024-06-01,51683,0-17,4,52,4,0,0
2024-06-01,51683,18-49,19,124,19,1,0
2024-06-01,51683,50-64,7,51,7,0,0
2024-06-01,51683,65+,4,35,4,1,0
2024-07-01,51013,0-17,40,451,40,1,1
2024-07-01,51013,18-49,114,1207,114,6,0
2024-07-01,51013,50-64,33,442,33,2,0
2024-07-01,51013,65+,27,316,27,2,0
2024-07-01,51059,0-17,250,1900,250,12,1
2024-07-01,51059,18-49,544,4623,544,30,5
2024-07-01,51059,50-64,217,1664,217,12,1
2024-07-01,51059,65+,154,1060,154,5,3
2024-07-01,51107,0-17,87,937,87,5,1
2024-07-01,51107,18-49,187,2322,187,7,1
2024-07-01,51107,50-64,68,830,68,2,0
2024-07-01,51107,65+,52,553,52,5,0
2024-07-01,51153,0-17,121,1236,121,4,1
2024-07-01,51153,18-49,334,2967,334,15,2
2024-07-01,51153,50-64,123,1131,123,4,1
2024-07-01,51153,65+,84,701,84,3,0
2024-07-01,51510,0-17,34,298,34,0,0
2024-07-01,51510,18-49,85,696,85,4,2
2024-07-01,51510,50-64,48,246,48,4,1
2024-07-01,51510,65+,22,183,22,1,0
2024-07-01,51610,0-17,3,36,3,0,1
2024-07-01,51610,18-49,7,84,7,0,0
2024-07-01,51610,50-64,5,34,5,0,0
2024-07-01,51610,65+,0,23,0,0,0
2024-07-01,51061,0-17,19,174,19,2,0
2024-07-01,51061,18-49,40,425,40,1,1
2024-07-01,51061,50-64,7,153,7,0,0
2024-07-01,51061,65+,8,96,8,0,0
2024-07-01,51069,0-17,13,137,13,0,0
2024-07-01,51069,18-49,36,337,36,0,0
2024-07-01,51069,50-64,17,141,17,1,1
2024-07-01,51069,65+,15,88,15,0,0
2024-07-01,51179,0-17,35,427,35,3,1
2024-07-01,51179,18-49,95,1117,95,2,1
2024-07-01,51179,50-64,33,422,33,2,0
2024-07-01,51179,65+,20,227,20,0,0
2024-07-01,51177,0-17,23,226,23,0,0
2024-07-01,51177,18-49,76,577,76,3,0
2024-07-01,51177,50-64,30,215,30,0,0
2024-07-01,51177,65+,15,137,15,2,0
2024-07-01,51003,0-17,24,150,24,2,0
2024-07-01,51003,18-49,44,410,44,1,1
2024-07-01,51003,50-64,21,157,21,0,0
2024-07-01,51003,65+,16,110,16,4,0
2024-07-01,51540,0-17,10,137,10,0,0
2024-07-01,51540,18-49,27,252,27,1,0
2024-07-01,51540,50-64,6,112,6,0,0
2024-07-01,51540,65+,6,62,6,0,0
2024-07-01,51041,0-17,61,632,61,3,0
2024-07-01,51041,18-49,148,1508,148,10,1
2024-07-01,51041,50-64,56,544,56,5,0
2024-07-01,51041,65+,37,365,37,3,0
2024-07-01,51087,0-17,68,669,68,1,1
2024-07-01,51087,18-49,172,1667,172,8,2
2024-07-01,51087,50-64,64,565,64,6,0
2024-07-01,51087,65+,43,410,43,1,0
2024-07-01,51760,0-17,43,350,43,3,1
2024-07-01,51760,18-49,87,861,87,4,0
2024-07-01,51760,50-64,35,302,35,2,0
2024-07-01,51760,65+,24,220,24,1,0
2024-07-01,51810,0-17,85,1007,85,3,1
2024-07-01,51810,18-49,208,2498,208,10,3
2024-07-01,51810,50-64,76,906,76,3,1
2024-07-01,51810,65+,68,626,68,2,0
2024-07-01,51700,0-17,36,358,36,0,0
2024-07-01,51700,18-49,108,904,108,4,1
2024-07-01,51700,50-64,37,311,37,1,0
2024-07-01,51700,65+,25,200,25,1,0
2024-07-01,51730,0-17,10,84,10,1,0
2024-07-01,51730,18-49,20,202,20,2,0
2024-07-01,51730,50-64,5,75,5,0,0
2024-07-01,51730,65+,4,47,4,0,0
2024-07-01,51710,0-17,50,415,50,0,0
2024-07-01,51710,18-49,92,1096,92,3,0
2024-07-01,51710,50-64,44,409,44,4,1
2024-07-01,51710,65+,29,269,29,0,0
2024-07-01,51740,0-17,15,209,15,0,0
2024-07-01,51740,18-49,44,518,44,1,1
2024-07-01,51740,50-64,18,181,18,0,1
2024-07-01,51740,65+,9,121,9,0,1
2024-07-01,51750,0-17,4,23,4,0,0
2024-07-01,51750,18-49,9,62,9,0,0
2024-07-01,51750,50-64,2,18,2,0,0
2024-07-01,51750,65+,1,25,1,0,0
2024-07-01,51121,0-17,18,207,18,0,0
2024-07-01,51121,18-49,52,548,52,1,0
2024-07-01,51121,50-64,17,191,17,1,0
2024-07-01,51121,65+,11,153,11,0,0
2024-07-01,51770,0-17,20,135,20,0,0
2024-07-01,51770,18-49,35,312,35,2,0
2024-07-01,51770,50-64,15,135,15,0,0
2024-07-01,51770,65+,10,102,10,2,0
2024-07-01,51161,0-17,28,204,28,0,0
2024-07-01,51161,18-49,50,438,50,5,0
2024-07-01,51161,50-64,24,173,24,3,0
2024-07-01,51161,65+,9,97,9,1,0
2024-07-01,51800,0-17,12,210,12,1,0
2024-07-01,51800,18-49,46,493,46,1,0
2024-07-01,51800,50-64,18,164,18,2,0
2024-07-01,51800,65+,10,129,10,0,0
2024-07-01,51720,0-17,2,9,2,0,0
2024-07-01,51720,18-49,1,31,1,0,0
2024-07-01,51720,50-64,0,8,0,0,0
2024-07-01,51720,65+,0,5,0,0,0
2024-07-01,51001,0-17,6,40,6,2,0
2024-07-01,51001,18-49,13,96,13,0,0
2024-07-01,51001,50-64,5,45,5,0,0
2024-07-01,51001,65+,1,28,1,0,0
2024-07-01,51005,0-17,2,30,2,0,0
2024-07-01,51005,18-49,7,65,7,1,0
2024-07-01,51005,50-64,2,29,2,0,0
2024-07-01,51005,65+,3,19,3,0,0
2024-07-01,51015,0-17,10,126,10,0,1
2024-07-01,51015,18-49,40,354,40,2,0
2024-07-01,51015,50-64,9,145,9,1,0
2024-07-01,51015,65+,11,78,11,1,1
2024-07-01,51019,0-17,15,133,15,1,0
2024-07-01,51019,18-49,33,394,33,2,1
2024-07-01,51019,50-64,14,143,14,0,0
2024-07-01,51019,65+,6,97,6,0,0
2024-07-01,51023,0-17,9,37,9,1,0
2024-07-01,51023,18-49,13,119,13,1,0
2024-07-01,51023,50-64,4,43,4,0,0
2024-07-01,51023,65+,1,22,1,0,0
2024-07-01,51031,0-17,12,77,12,1,0
2024-07-01,51031,18-49,24,196,24,1,0
2024-07-01,51031,50-64,9,62,9,0,0
2024-07-01,51031,65+,2,58,2,1,0
2024-07-01,51033,0-17,4,59,4,0,0
2024-07-01,51033,18-49,12,129,12,1,0
2024-07-01,51033,50-64,4,36,4,0,0
2024-07-01,51033,65+,3,35,3,0,0
2024-07-01,51035,0-17,7,58,7,0,0
2024-07-01,51035,18-49,7,130,7,0,0
2024-07-01,51035,50-64,3,40,3,0,0
2024-07-01,51035,65+,6,27,6,0,0
2024-07-01,51047,0-17,14,119,14,1,0
2024-07-01,51047,18-49,29,322,29,0,0
2024-07-01,51047,50-64,10,134,10,0,0
2024-07-01,51047,65+,7,74,7,0,0
2024-07-01,51067,0-17,6,72,6,0,0
2024-07-01,51067,18-49,18,153,18,1,0
2024-07-01,51067,50-64,11,49,11,2,0
2024-07-01,51067,65+,6,45,6,0,0
2024-07-01,51073,0-17,6,78,6,1,0
2024-07-01,51073,18-49,15,192,15,1,0
2024-07-01,51073,50-64,8,58,8,1,0
2024-07-01,51073,65+,3,48,3,0,0
2024-07-01,51075,0-17,4,55,4,0,0
2024-07-01,51075,18-49,13,125,13,2,0
2024-07-01,51075,50-64,3,43,3,0,1
2024-07-01,51075,65+,3,34,3,0,0
2024-07-01,51163,0-17,4,31,4,0,0
2024-07-01,51163,18-49,9,71,9,0,0
2024-07-01,51163,50-64,1,27,1,0,0
2024-07-01,51163,65+,2,20,2,0,0
2024-07-01,51683,0-17,5,66,5,0,0
2024-07-01,51683,18-49,18,162,18,1,0
2024-07-01,51683,50-64,12,64,12,0,1
2024-07-01,51683,65+,5,32,5,0,0
2024-08-01,51013,0-17,54,380,54,3,1
2024-08-01,51013,18-49,114,1016,114,8,2
2024-08-01,51013,50-64,34,346,34,2,0
2024-08-01,51013,65+,21,233,21,1,0
2024-08-01,51059,0-17,263,2651,263,3,1
2024-08-01,51059,18-49,559,6793,559,33,3
2024-08-01,51059,50-64,208,2508,208,6,1
2024-08-01,51059,65+,163,1627,163,6,0
2024-08-01,51107,0-17,93,802,93,6,0
2024-08-01,51107,18-49,196,2013,196,6,4
2024-08-01,51107,50-64,88,788,88,2,0
2024-08-01,51107,65+,54,463,54,3,0
2024-08-01,51153,0-17,72,842,72,7,1
2024-08-01,51153,18-49,231,2008,231,9,0
2024-08-01,51153,50-64,88,729,88,5,0
2024-08-01,51153,65+,43,516,43,2,0
2024-08-01,51510,0-17,44,281,44,2,0
2024-08-01,51510,18-49,74,730,74,4,1
2024-08-01,51510,50-64,37,258,37,1,1
2024-08-01,51510,65+,15,170,15,0,0
2024-08-01,51610,0-17,8,23,8,0,0
2024-08-01,51610,18-49,5,86,5,1,0
2024-08-01,51610,50-64,5,33,5,0,0
2024-08-01,51610,65+,2,23,2,0,0
2024-08-01,51061,0-17,15,137,15,1,0
2024-08-01,51061,18-49,39,387,39,0,0
2024-08-01,51061,50-64,22,119,22,2,0
2024-08-01,51061,65+,16,83,16,1,0
2024-08-01,51069,0-17,18,208,18,0,0
2024-08-01,51069,18-49,56,481,56,1,0
2024-08-01,51069,50-64,20,169,20,1,0
2024-08-01,51069,65+,12,129,12,0,0
2024-08-01,51179,0-17,33,352,33,0,0
2024-08-01,51179,18-49,76,807,76,2,0
2024-08-01,51179,50-64,35,301,35,2,0
2024-08-01,51179,65+,13,186,13,0,0
2024-08-01,51177,0-17,26,195,26,2,0
2024-08-01,51177,18-49,56,437,56,3,0
2024-08-01,51177,50-64,17,175,17,1,0
2024-08-01,51177,65+,8,124,8,0,0
2024-08-01,51003,0-17,25,230,25,1,0
2024-08-01,51003,18-49,81,589,81,4,1
2024-08-01,51003,50-64,28,205,28,3,0
2024-08-01,51003,65+,19,132,19,0,0
2024-08-01,51540,0-17,8,112,8,1,0
2024-08-01,51540,18-49,24,280,24,0,0
2024-08-01,51540,50-64,7,99,7,0,0
2024-08-01,51540,65+,9,73,9,0,0
2024-08-01,51041,0-17,99,879,99,4,0
2024-08-01,51041,18-49,248,2168,248,16,2
2024-08-01,51041,50-64,86,776,86,5,0
2024-08-01,51041,65+,63,476,63,6,0
2024-08-01,51087,0-17,62,674,62,3,0
2024-08-01,51087,18-49,175,1718,175,10,1
2024-08-01,51087,50-64,56,597,56,5,0
2024-08-01,51087,65+,49,389,49,3,0
2024-08-01,51760,0-17,40,466,40,1,0
2024-08-01,51760,18-49,111,1075,111,6,0
2024-08-01,51760,50-64,33,387,33,1,1
2024-08-01,51760,65+,18,251,18,0,0
2024-08-01,51810,0-17,66,762,66,2,0
2024-08-01,51810,18-49,180,1804,180,6,0
2024-08-01,51810,50-64,54,627,54,3,0
2024-08-01,51810,65+,33,420,33,2,0
2024-08-01,51700,0-17,37,443,37,2,0
2024-08-01,51700,18-49,104,1133,104,8,1
2024-08-01,51700,50-64,44,418,44,2,1
2024-08-01,51700,65+,26,268,26,1,0
2024-08-01,51730,0-17,4,74,4,0,0
2024-08-01,51730,18-49,17,162,17,4,0
2024-08-01,51730,50-64,7,66,7,1,0
2024-08-01,51730,65+,6,47,6,0,0
2024-08-01,51710,0-17,57,464,57,4,0
2024-08-01,51710,18-49,152,1012,152,11,2
2024-08-01,51710,50-64,47,384,47,1,0
2024-08-01,51710,65+,26,297,26,0,0
2024-08-01,51740,0-17,22,224,22,2,0
2024-08-01,51740,18-49,56,601,56,2,0
2024-08-01,51740,50-64,14,232,14,1,0
2024-08-01,51740,65+,10,127,10,0,0
2024-08-01,51750,0-17,4,53,4,0,0
2024-08-01,51750,18-49,13,110,13,0,0
2024-08-01,51750,50-64,2,42,2,0,0
2024-08-01,51750,65+,1,25,1,0,0
2024-08-01,51121,0-17,15,166,15,0,0
2024-08-01,51121,18-49,35,424,35,0,0
2024-08-01,51121,50-64,14,140,14,3,0
2024-08-01,51121,65+,7,97,7,0,0
2024-08-01,51770,0-17,21,159,21,3,0
2024-08-01,51770,18-49,31,387,31,1,0
2024-08-01,51770,50-64,16,137,16,1,0
2024-08-01,51770,65+,11,92,11,0,0
2024-08-01,51161,0-17,32,283,32,2,0
2024-08-01,51161,18-49,65,679,65,5,0
2024-08-01,51161,50-64,18,268,18,0,0
2024-08-01,51161,65+,17,170,17,1,0
2024-08-01,51800,0-17,22,188,22,0,1
2024-08-01,51800,18-49,52,408,52,0,0
2024-08-01,51800,50-64,8,150,8,0,0
2024-08-01,51800,65+,11,101,11,0,0
2024-08-01,51720,0-17,1,14,1,0,0
2024-08-01,51720,18-49,1,23,1,0,0
2024-08-01,51720,50-64,1,10,1,0,0
2024-08-01,51720,65+,0,6,0,0,0
2024-08-01,51001,0-17,6,59,6,0,0
2024-08-01,51001,18-49,16,160,16,1,0
2024-08-01,51001,50-64,8,56,8,0,0
2024-08-01,51001,65+,2,35,2,0,0
2024-08-01,51005,0-17,2,39,2,0,0
2024-08-01,51005,18-49,10,83,10,0,0
2024-08-01,51005,50-64,4,27,4,0,0
2024-08-01,51005,65+,0,26,0,0,0
2024-08-01,51015,0-17,16,148,16,0,0
2024-08-01,51015,18-49,32,417,32,1,1
2024-08-01,51015,50-64,17,155,17,0,0
2024-08-01,51015,65+,7,109,7,0,0
2024-08-01,51019,0-17,15,146,15,2,0
2024-08-01,51019,18-49,30,391,30,2,0
2024-08-01,51019,50-64,14,138,14,0,0
2024-08-01,51019,65+,7,93,7,0,0
2024-08-01,51023,0-17,8,58,8,1,0
2024-08-01,51023,18-49,20,162,20,1,0
2024-08-01,51023,50-64,5,50,5,0,0
2024-08-01,51023,65+,5,31,5,0,0
2024-08-01,51031,0-17,10,104,10,1,0
2024-08-01,51031,18-49,23,306,23,1,0
2024-08-01,51031,50-64,12,98,12,2,0
2024-08-01,51031,65+,6,64,6,2,0
2024-08-01,51033,0-17,8,71,8,0,0
2024-08-01,51033,18-49,14,172,14,2,0
2024-08-01,51033,50-64,5,70,5,0,0
2024-08-01,51033,65+,3,41,3,0,0
2024-08-01,51035,0-17,7,85,7,0,0
2024-08-01,51035,18-49,16,185,16,2,0
2024-08-01,51035,50-64,7,71,7,1,0
2024-08-01,51035,65+,4,41,4,0,0
2024-08-01,51047,0-17,12,88,12,1,0
2024-08-01,51047,18-49,32,244,32,1,0
2024-08-01,51047,50-64,10,100,10,0,0
2024-08-01,51047,65+,10,71,10,2,0
2024-08-01,51067,0-17,8,96,8,0,0
2024-08-01,51067,18-49,29,267,29,4,0
2024-08-01,51067,50-64,13,81,13,0,1
2024-08-01,51067,65+,6,49,6,0,0
2024-08-01,51073,0-17,13,86,13,0,0
2024-08-01,51073,18-49,23,211,23,2,1
2024-08-01,51073,50-64,4,73,4,0,0
2024-08-01,51073,65+,2,66,2,0,0
2024-08-01,51075,0-17,4,38,4,0,0
2024-08-01,51075,18-49,12,72,12,1,0
2024-08-01,51075,50-64,2,28,2,0,0
2024-08-01,51075,65+,2,16,2,0,1
2024-08-01,51163,0-17,3,55,3,0,0
2024-08-01,51163,18-49,9,114,9,0,0
2024-08-01,51163,50-64,6,43,6,0,0
2024-08-01,51163,65+,3,33,3,0,0
2024-08-01,51683,0-17,10,72,10,1,0
2024-08-01,51683,18-49,26,184,26,0,0
2024-08-01,51683,50-64,3,53,3,0,0
2024-08-01,51683,65+,3,35,3,1,0
2024-09-01,51013,0-17,40,393,40,4,0
2024-09-01,51013,18-49,113,1031,113,8,1
2024-09-01,51013,50-64,34,370,34,4,0
2024-09-01,51013,65+,26,236,26,4,1
2024-09-01,51059,0-17,249,2904,249,15,3
2024-09-01,51059,18-49,693,7232,693,48,4
2024-09-01,51059,50-64,237,2661,237,12,2
2024-09-01,51059,65+,138,1783,138,14,2
2024-09-01,51107,0-17,99,1139,99,6,1
2024-09-01,51107,18-49,284,2793,284,16,1
2024-09-01,51107,50-64,90,1009,90,4,0
2024-09-01,51107,65+,56,676,56,0,1
2024-09-01,51153,0-17,111,921,111,10,1
2024-09-01,51153,18-49,295,2276,295,17,2
2024-09-01,51153,50-64,99,810,99,5,0
2024-09-01,51153,65+,55,522,55,4,0
2024-09-01,51510,0-17,34,304,34,1,0
2024-09-01,51510,18-49,111,774,111,6,1
2024-09-01,51510,50-64,35,270,35,2,0
2024-09-01,51510,65+,21,189,21,2,0
2024-09-01,51610,0-17,2,25,2,0,0
2024-09-01,51610,18-49,7,61,7,0,0
2024-09-01,51610,50-64,2,17,2,1,0
2024-09-01,51610,65+,0,16,0,0,0
2024-09-01,51061,0-17,18,197,18,0,0
2024-09-01,51061,18-49,43,494,43,1,2
2024-09-01,51061,50-64,15,178,15,1,0
2024-09-01,51061,65+,18,133,18,1,0
2024-09-01,51069,0-17,23,225,23,1,0
2024-09-01,51069,18-49,64,497,64,1,0
2024-09-01,51069,50-64,31,214,31,3,0
2024-09-01,51069,65+,14,143,14,3,0
2024-09-01,51179,0-17,30,317,30,1,1
2024-09-01,51179,18-49,86,857,86,9,0
2024-09-01,51179,50-64,25,307,25,1,0
2024-09-01,51179,65+,19,189,19,3,2
2024-09-01,51177,0-17,40,315,40,5,0
2024-09-01,51177,18-49,88,858,88,6,0
2024-09-01,51177,50-64,34,330,34,3,0
2024-09-01,51177,65+,31,200,31,0,0
2024-09-01,51003,0-17,41,249,41,0,0
2024-09-01,51003,18-49,66,610,66,4,1
2024-09-01,51003,50-64,24,213,24,3,0
2024-09-01,51003,65+,13,128,13,0,0
2024-09-01,51540,0-17,10,133,10,0,0
2024-09-01,51540,18-49,29,285,29,3,0
2024-09-01,51540,50-64,8,111,8,0,0
2024-09-01,51540,65+,5,59,5,1,0
2024-09-01,51041,0-17,90,989,90,8,0
2024-09-01,51041,18-49,273,2317,273,17,4
2024-09-01,51041,50-64,84,834,84,7,2
2024-09-01,51041,65+,65,560,65,3,0
2024-09-01,51087,0-17,36,496,36,4,1
2024-09-01,51087,18-49,163,1268,163,11,0
2024-09-01,51087,50-64,49,470,49,3,0
2024-09-01,51087,65+,43,324,43,3,1
2024-09-01,51760,0-17,63,607,63,1,0
2024-09-01,51760,18-49,162,1460,162,3,1
2024-09-01,51760,50-64,59,551,59,2,1
2024-09-01,51760,65+,40,319,40,7,0
2024-09-01,51810,0-17,109,990,109,6,1
2024-09-01,51810,18-49,298,2520,298,16,1
2024-09-01,51810,50-64,104,916,104,5,0
2024-09-01,51810,65+,64,619,64,1,0
2024-09-01,51700,0-17,33,278,33,1,0
2024-09-01,51700,18-49,86,728,86,7,0
2024-09-01,51700,50-64,21,279,21,3,0
2024-09-01,51700,65+,13,171,13,0,0
2024-09-01,51730,0-17,10,64,10,0,0
2024-09-01,51730,18-49,21,151,21,1,0
2024-09-01,51730,50-64,4,58,4,0,0
2024-09-01,51730,65+,4,44,4,0,0
2024-09-01,51710,0-17,62,652,62,4,1
2024-09-01,51710,18-49,143,1685,143,12,0
2024-09-01,51710,50-64,59,584,59,3,0
2024-09-01,51710,65+,32,402,32,1,1
2024-09-01,51740,0-17,14,168,14,1,0
2024-09-01,51740,18-49,44,365,44,3,0
2024-09-01,51740,50-64,20,159,20,1,0
2024-09-01,51740,65+,10,108,10,0,0
2024-09-01,51750,0-17,6,25,6,0,0
2024-09-01,51750,18-49,5,71,5,0,0
2024-09-01,51750,50-64,4,32,4,1,0
2024-09-01,51750,65+,1,10,1,0,0
2024-09-01,51121,0-17,26,188,26,2,0
2024-09-01,51121,18-49,50,491,50,3,0
2024-09-01,51121,50-64,9,176,9,0,0
2024-09-01,51121,65+,14,135,14,1,0
2024-09-01,51770,0-17,19,225,19,0,0
2024-09-01,51770,18-49,68,583,68,2,0
2024-09-01,51770,50-64,21,203,21,0,0
2024-09-01,51770,65+,13,134,13,0,0
2024-09-01,51161,0-17,37,224,37,2,0
2024-09-01,51161,18-49,54,575,54,4,0
2024-09-01,51161,50-64,18,207,18,1,0
2024-09-01,51161,65+,18,142,18,3,1
2024-09-01,51800,0-17,17,210,17,1,0
2024-09-01,51800,18-49,79,560,79,5,1
2024-09-01,51800,50-64,22,213,22,1,0
2024-09-01,51800,65+,14,150,14,2,0
2024-09-01,51720,0-17,0,15,0,0,0
2024-09-01,51720,18-49,3,29,3,0,0
2024-09-01,51720,50-64,2,9,2,0,0
2024-09-01,51720,65+,0,2,0,0,0
2024-09-01,51001,0-17,7,91,7,1,0
2024-09-01,51001,18-49,20,189,20,1,0
2024-09-01,51001,50-64,6,69,6,1,0
2024-09-01,51001,65+,11,42,11,1,0
2024-09-01,51005,0-17,5,25,5,0,0
2024-09-01,51005,18-49,9,105,9,1,1
2024-09-01,51005,50-64,3,28,3,0,0
2024-09-01,51005,65+,0,25,0,0,0
2024-09-01,51015,0-17,25,220,25,1,0
2024-09-01,51015,18-49,49,536,49,4,0
2024-09-01,51015,50-64,18,184,18,0,0
2024-09-01,51015,65+,10,120,10,1,0
2024-09-01,51019,0-17,9,172,9,0,0
2024-09-01,51019,18-49,47,395,47,1,0
2024-09-01,51019,50-64,16,167,16,1,0
2024-09-01,51019,65+,13,102,13,1,0
2024-09-01,51023,0-17,10,94,10,0,0
2024-09-01,51023,18-49,23,220,23,4,0
2024-09-01,51023,50-64,5,80,5,0,0
2024-09-01,51023,65+,7,55,7,1,0
2024-09-01,51031,0-17,10,103,10,0,0
2024-09-01,51031,18-49,27,245,27,2,0
2024-09-01,51031,50-64,8,100,8,0,0
2024-09-01,51031,65+,5,57,5,1,0
2024-09-01,51033,0-17,7,47,7,2,0
2024-09-01,51033,18-49,12,136,12,0,0
2024-09-01,51033,50-64,3,50,3,0,0
2024-09-01,51033,65+,3,34,3,0,0
2024-09-01,51035,0-17,10,56,10,0,0
2024-09-01,51035,18-49,10,127,10,0,0
2024-09-01,51035,50-64,7,54,7,0,0
2024-09-01,51035,65+,3,30,3,0,0
2024-09-01,51047,0-17,11,151,11,0,0
2024-09-01,51047,18-49,39,382,39,2,0
2024-09-01,51047,50-64,13,150,13,0,0
2024-09-01,51047,65+,8,93,8,0,0
2024-09-01,51067,0-17,16,149,16,1,0
2024-09-01,51067,18-49,40,420,40,2,2
2024-09-01,51067,50-64,11,127,11,0,1
2024-09-01,51067,65+,6,111,6,0,0
2024-09-01,51073,0-17,17,127,17,1,1
2024-09-01,51073,18-49,26,326,26,2,0
2024-09-01,51073,50-64,9,133,9,0,0
2024-09-01,51073,65+,6,82,6,0,0
2024-09-01,51075,0-17,4,43,4,0,0
2024-09-01,51075,18-49,13,91,13,2,1
2024-09-01,51075,50-64,2,43,2,0,0
2024-09-01,51075,65+,2,31,2,0,0
2024-09-01,51163,0-17,1,38,1,0,0
2024-09-01,51163,18-49,16,84,16,1,0
2024-09-01,51163,50-64,3,46,3,0,0
2024-09-01,51163,65+,1,15,1,0,0
2024-09-01,51683,0-17,15,98,15,0,0
2024-09-01,51683,18-49,21,188,21,1,0
2024-09-01,51683,50-64,9,72,9,0,0
2024-09-01,51683,65+,6,45,6,1,0
2024-10-01,51013,0-17,48,733,48,4,0
2024-10-01,51013,18-49,181,1857,181,11,0
2024-10-01,51013,50-64,49,734,49,6,0
2024-10-01,51013,65+,44,434,44,3,0
2024-10-01,51059,0-17,259,2808,259,12,1
2024-10-01,51059,18-49,638,6974,638,44,6
2024-10-01,51059,50-64,218,2461,218,14,1
2024-10-01,51059,65+,152,1654,152,11,0
2024-10-01,51107,0-17,128,1344,128,10,0
2024-10-01,51107,18-49,287,3173,287,14,1
2024-10-01,51107,50-64,97,1127,97,4,0
2024-10-01,51107,65+,84,761,84,7,0
2024-10-01,51153,0-17,140,1139,140,10,3
2024-10-01,51153,18-49,360,2775,360,21,2
2024-10-01,51153,50-64,109,1017,109,5,1
2024-10-01,51153,65+,92,641,92,6,1
2024-10-01,51510,0-17,42,340,42,2,0
2024-10-01,51510,18-49,97,816,97,4,1
2024-10-01,51510,50-64,49,303,49,2,1
2024-10-01,51510,65+,26,202,26,1,0
2024-10-01,51610,0-17,3,51,3,2,0
2024-10-01,51610,18-49,15,93,15,0,0
2024-10-01,51610,50-64,2,20,2,0,0
2024-10-01,51610,65+,0,22,0,0,0
2024-10-01,51061,0-17,12,166,12,0,0
2024-10-01,51061,18-49,41,357,41,3,1
2024-10-01,51061,50-64,16,147,16,0,0
2024-10-01,51061,65+,7,91,7,0,0
2024-10-01,51069,0-17,31,255,31,1,0
2024-10-01,51069,18-49,66,646,66,2,0
2024-10-01,51069,50-64,23,225,23,1,1
2024-10-01,51069,65+,13,130,13,0,0
2024-10-01,51179,0-17,34,408,34,3,0
2024-10-01,51179,18-49,94,914,94,10,0
2024-10-01,51179,50-64,31,373,31,4,0
2024-10-01,51179,65+,28,234,28,4,0
2024-10-01,51177,0-17,36,278,36,3,1
2024-10-01,51177,18-49,90,690,90,5,0
2024-10-01,51177,50-64,34,263,34,2,0
2024-10-01,51177,65+,18,188,18,1,0
2024-10-01,51003,0-17,29,289,29,1,0
2024-10-01,51003,18-49,65,664,65,3,0
2024-10-01,51003,50-64,27,238,27,2,0
2024-10-01,51003,65+,19,151,19,3,1
2024-10-01,51540,0-17,14,108,14,0,1
2024-10-01,51540,18-49,30,321,30,1,0
2024-10-01,51540,50-64,18,112,18,0,1
2024-10-01,51540,65+,5,87,5,0,0
2024-10-01,51041,0-17,119,861,119,4,1
2024-10-01,51041,18-49,272,2169,272,11,3
2024-10-01,51041,50-64,85,755,85,5,0
2024-10-01,51041,65+,65,532,65,3,0
2024-10-01,51087,0-17,78,578,78,4,0
2024-10-01,51087,18-49,164,1405,164,4,1
2024-10-01,51087,50-64,68,498,68,6,1
2024-10-01,51087,65+,39,346,39,1,1
2024-10-01,51760,0-17,74,676,74,3,0
2024-10-01,51760,18-49,139,1664,139,10,0
2024-10-01,51760,50-64,58,606,58,1,2
2024-10-01,51760,65+,42,387,42,3,0
2024-10-01,51810,0-17,112,1119,112,5,0
2024-10-01,51810,18-49,284,2821,284,19,1
2024-10-01,51810,50-64,106,1007,106,9,0
2024-10-01,51810,65+,73,661,73,5,0
2024-10-01,51700,0-17,60,537,60,3,2
2024-10-01,51700,18-49,127,1269,127,6,1
2024-10-01,51700,50-64,49,430,49,2,0
2024-10-01,51700,65+,30,304,30,3,1
2024-10-01,51730,0-17,8,76,8,0,0
2024-10-01,51730,18-49,13,175,13,2,0
2024-10-01,51730,50-64,8,56,8,0,0
2024-10-01,51730,65+,3,40,3,0,0
2024-10-01,51710,0-17,71,646,71,5,1
2024-10-01,51710,18-49,151,1600,151,3,0
2024-10-01,51710,50-64,66,593,66,1,1
2024-10-01,51710,65+,48,380,48,5,1
2024-10-01,51740,0-17,18,204,18,2,1
2024-10-01,51740,18-49,53,502,53,2,0
2024-10-01,51740,50-64,15,188,15,1,0
2024-10-01,51740,65+,22,155,22,2,0
2024-10-01,51750,0-17,11,55,11,0,0
2024-10-01,51750,18-49,11,127,11,1,0
2024-10-01,51750,50-64,3,49,3,0,0
2024-10-01,51750,65+,2,27,2,0,0
2024-10-01,51121,0-17,27,233,27,2,0
2024-10-01,51121,18-49,62,628,62,5,0
2024-10-01,51121,50-64,20,237,20,0,0
2024-10-01,51121,65+,10,156,10,0,0
2024-10-01,51770,0-17,23,226,23,2,0
2024-10-01,51770,18-49,81,596,81,5,1
2024-10-01,51770,50-64,25,198,25,2,1
2024-10-01,51770,65+,13,148,13,3,0
2024-10-01,51161,0-17,18,135,18,0,0
2024-10-01,51161,18-49,37,350,37,2,0
2024-10-01,51161,50-64,17,157,17,0,0
2024-10-01,51161,65+,15,71,15,0,0
2024-10-01,51800,0-17,23,174,23,0,1
2024-10-01,51800,18-49,46,451,46,2,0
2024-10-01,51800,50-64,10,140,10,0,0
2024-10-01,51800,65+,8,108,8,0,0
2024-10-01,51720,0-17,0,10,0,0,0
2024-10-01,51720,18-49,4,29,4,0,1
2024-10-01,51720,50-64,0,7,0,0,0
2024-10-01,51720,65+,0,8,0,0,0
2024-10-01,51001,0-17,5,48,5,0,0
2024-10-01,51001,18-49,23,172,23,1,0
2024-10-01,51001,50-64,7,49,7,0,0
2024-10-01,51001,65+,6,39,6,0,0
2024-10-01,51005,0-17,3,41,3,0,0
2024-10-01,51005,18-49,11,119,11,0,0
2024-10-01,51005,50-64,5,43,5,0,0
2024-10-01,51005,65+,3,36,3,1,0
2024-10-01,51015,0-17,20,162,20,1,1
2024-10-01,51015,18-49,31,408,31,3,1
2024-10-01,51015,50-64,15,123,15,0,0
2024-10-01,51015,65+,11,93,11,2,0
2024-10-01,51019,0-17,21,145,21,0,1
2024-10-01,51019,18-49,47,434,47,2,0
2024-10-01,51019,50-64,9,178,9,0,0
2024-10-01,51019,65+,8,112,8,0,0
2024-10-01,51023,0-17,15,86,15,2,0
2024-10-01,51023,18-49,15,213,15,0,0
2024-10-01,51023,50-64,6,98,6,0,0
2024-10-01,51023,65+,7,55,7,0,0
2024-10-01,51031,0-17,15,157,15,0,0
2024-10-01,51031,18-49,40,349,40,3,1
2024-10-01,51031,50-64,12,143,12,1,1
2024-10-01,51031,65+,11,79,11,1,0
2024-10-01,51033,0-17,12,57,12,0,0
2024-10-01,51033,18-49,13,163,13,2,0
2024-10-01,51033,50-64,5,58,5,1,0
2024-10-01,51033,65+,4,44,4,0,0
2024-10-01,51035,0-17,6,74,6,0,0
2024-10-01,51035,18-49,22,162,22,2,0
2024-10-01,51035,50-64,6,64,6,0,0
2024-10-01,51035,65+,4,42,4,0,0
2024-10-01,51047,0-17,15,138,15,1,1
2024-10-01,51047,18-49,25,400,25,2,0
2024-10-01,51047,50-64,19,151,19,0,0
2024-10-01,51047,65+,10,91,10,0,0
2024-10-01,51067,0-17,13,153,13,1,1
2024-10-01,51067,18-49,44,364,44,3,0
2024-10-01,51067,50-64,18,148,18,1,0
2024-10-01,51067,65+,5,75,5,0,0
2024-10-01,51073,0-17,9,98,9,1,0
2024-10-01,51073,18-49,34,241,34,2,0
2024-10-01,51073,50-64,12,75,12,2,0
2024-10-01,51073,65+,3,57,3,1,0
2024-10-01,51075,0-17,8,59,8,1,1
2024-10-01,51075,18-49,16,179,16,0,0
2024-10-01,51075,50-64,4,66,4,0,0
2024-10-01,51075,65+,2,46,2,0,0
2024-10-01,51163,0-17,3,48,3,0,0
2024-10-01,51163,18-49,16,136,16,1,0
2024-10-01,51163,50-64,6,59,6,1,0
2024-10-01,51163,65+,5,24,5,0,0
2024-10-01,51683,0-17,11,101,11,1,0
2024-10-01,51683,18-49,15,269,15,1,0
2024-10-01,51683,50-64,15,110,15,1,0
2024-10-01,51683,65+,3,41,3,1,0
2024-11-01,51013,0-17,41,461,41,1,0
2024-11-01,51013,18-49,120,1145,120,8,1
2024-11-01,51013,50-64,57,389,57,2,0
2024-11-01,51013,65+,22,271,22,2,0
2024-11-01,51059,0-17,325,4082,325,26,1
2024-11-01,51059,18-49,925,9926,925,57,8
2024-11-01,51059,50-64,311,3560,311,19,1
2024-11-01,51059,65+,195,2509,195,16,4
2024-11-01,51107,0-17,112,1020,112,5,2
2024-11-01,51107,18-49,289,2662,289,21,2
2024-11-01,51107,50-64,102,968,102,5,1
2024-11-01,51107,65+,60,621,60,5,2
2024-11-01,51153,0-17,206,2105,206,13,6
2024-11-01,51153,18-49,511,5253,511,36,4
2024-11-01,51153,50-64,157,1924,157,11,0
2024-11-01,51153,65+,120,1255,120,8,1
2024-11-01,51510,0-17,39,558,39,1,0
2024-11-01,51510,18-49,131,1317,131,15,1
2024-11-01,51510,50-64,52,490,52,2,0
2024-11-01,51510,65+,31,338,31,1,1
2024-11-01,51610,0-17,4,39,4,1,0
2024-11-01,51610,18-49,11,103,11,2,0
2024-11-01,51610,50-64,2,43,2,0,0
2024-11-01,51610,65+,1,25,1,0,0
2024-11-01,51061,0-17,24,252,24,5,1
2024-11-01,51061,18-49,65,539,65,6,1
2024-11-01,51061,50-64,17,183,17,3,0
2024-11-01,51061,65+,13,112,13,2,0
2024-11-01,51069,0-17,37,274,37,3,0
2024-11-01,51069,18-49,48,660,48,3,0
2024-11-01,51069,50-64,32,232,32,1,0
2024-11-01,51069,65+,19,163,19,0,0
2024-11-01,51179,0-17,45,433,45,4,0
2024-11-01,51179,18-49,125,1044,125,8,1
2024-11-01,51179,50-64,45,390,45,5,1
2024-11-01,51179,65+,23,262,23,1,0
2024-11-01,51177,0-17,26,282,26,2,0
2024-11-01,51177,18-49,87,722,87,6,1
2024-11-01,51177,50-64,30,265,30,0,1
2024-11-01,51177,65+,11,192,11,1,0
2024-11-01,51003,0-17,28,232,28,3,0
2024-11-01,51003,18-49,70,649,70,5,1
2024-11-01,51003,50-64,27,242,27,4,0
2024-11-01,51003,65+,29,142,29,2,0
2024-11-01,51540,0-17,13,134,13,2,0
2024-11-01,51540,18-49,31,384,31,3,0
2024-11-01,51540,50-64,12,134,12,1,0
2024-11-01,51540,65+,7,101,7,1,0
2024-11-01,51041,0-17,117,868,117,8,2
2024-11-01,51041,18-49,248,2201,248,15,1
2024-11-01,51041,50-64,109,777,109,8,0
2024-11-01,51041,65+,44,523,44,3,0
2024-11-01,51087,0-17,117,1367,117,8,2
2024-11-01,51087,18-49,293,3222,293,22,2
2024-11-01,51087,50-64,123,1127,123,9,1
2024-11-01,51087,65+,62,756,62,1,0
2024-11-01,51760,0-17,76,578,76,4,0
2024-11-01,51760,18-49,176,1520,176,12,2
2024-11-01,51760,50-64,69,501,69,2,0
2024-11-01,51760,65+,45,309,45,5,2
2024-11-01,51810,0-17,132,1564,132,10,3
2024-11-01,51810,18-49,342,3991,342,22,0
2024-11-01,51810,50-64,128,1421,128,14,0
2024-11-01,51810,65+,72,1014,72,7,0
2024-11-01,51700,0-17,46,529,46,3,1
2024-11-01,51700,18-49,152,1232,152,8,0
2024-11-01,51700,50-64,65,478,65,3,0
2024-11-01,51700,65+,34,297,34,1,0
2024-11-01,51730,0-17,9,79,9,0,0
2024-11-01,51730,18-49,21,218,21,2,0
2024-11-01,51730,50-64,11,74,11,1,0
2024-11-01,51730,65+,4,52,4,0,0
2024-11-01,51710,0-17,52,465,52,2,1
2024-11-01,51710,18-49,129,1168,129,8,0
2024-11-01,51710,50-64,48,376,48,3,0
2024-11-01,51710,65+,39,259,39,2,1
2024-11-01,51740,0-17,28,246,28,0,0
2024-11-01,51740,18-49,71,640,71,9,0
2024-11-01,51740,50-64,19,202,19,0,1
2024-11-01,51740,65+,16,141,16,2,0
2024-11-01,51750,0-17,5,49,5,1,0
2024-11-01,51750,18-49,8,96,8,0,0
2024-11-01,51750,50-64,6,39,6,0,0
2024-11-01,51750,65+,5,35,5,0,0
2024-11-01,51121,0-17,28,362,28,1,0
2024-11-01,51121,18-49,78,710,78,9,0
2024-11-01,51121,50-64,30,263,30,1,1
2024-11-01,51121,65+,13,188,13,1,0
2024-11-01,51770,0-17,34,318,34,1,0
2024-11-01,51770,18-49,80,872,80,3,1
2024-11-01,51770,50-64,32,306,32,1,0
2024-11-01,51770,65+,28,211,28,2,0
2024-11-01,51161,0-17,10,233,10,1,0
2024-11-01,51161,18-49,53,549,53,4,0
2024-11-01,51161,50-64,17,202,17,1,0
2024-11-01,51161,65+,17,111,17,0,0
2024-11-01,51800,0-17,19,229,19,3,0
2024-11-01,51800,18-49,61,649,61,3,0
2024-11-01,51800,50-64,21,248,21,7,0
2024-11-01,51800,65+,15,148,15,0,0
2024-11-01,51720,0-17,1,11,1,0,0
2024-11-01,51720,18-49,3,26,3,0,0
2024-11-01,51720,50-64,1,16,1,0,0
2024-11-01,51720,65+,1,7,1,0,0
2024-11-01,51001,0-17,11,129,11,2,0
2024-11-01,51001,18-49,25,273,25,2,0
2024-11-01,51001,50-64,10,103,10,1,0
2024-11-01,51001,65+,7,68,7,1,0
2024-11-01,51005,0-17,2,29,2,1,0
2024-11-01,51005,18-49,10,105,10,0,0
2024-11-01,51005,50-64,4,26,4,1,0
2024-11-01,51005,65+,2,20,2,0,0
2024-11-01,51015,0-17,19,266,19,1,0
2024-11-01,51015,18-49,60,601,60,5,0
2024-11-01,51015,50-64,17,240,17,0,0
2024-11-01,51015,65+,14,129,14,1,0
2024-11-01,51019,0-17,29,317,29,2,0
2024-11-01,51019,18-49,61,780,61,3,0
2024-11-01,51019,50-64,23,283,23,3,0
2024-11-01,51019,65+,21,190,21,1,0
2024-11-01,51023,0-17,9,113,9,0,0
2024-11-01,51023,18-49,24,287,24,1,0
2024-11-01,51023,50-64,8,105,8,0,1
2024-11-01,51023,65+,8,82,8,1,0
2024-11-01,51031,0-17,17,160,17,1,0
2024-11-01,51031,18-49,34,377,34,3,0
2024-11-01,51031,50-64,13,135,13,0,0
2024-11-01,51031,65+,7,95,7,0,0
2024-11-01,51033,0-17,9,114,9,1,0
2024-11-01,51033,18-49,25,265,25,2,0
2024-11-01,51033,50-64,11,110,11,0,0
2024-11-01,51033,65+,7,82,7,1,0
2024-11-01,51035,0-17,9,87,9,0,0
2024-11-01,51035,18-49,18,217,18,2,1
2024-11-01,51035,50-64,8,93,8,1,0
2024-11-01,51035,65+,4,61,4,1,0
2024-11-01,51047,0-17,18,150,18,1,0
2024-11-01,51047,18-49,36,408,36,1,0
2024-11-01,51047,50-64,12,154,12,0,1
2024-11-01,51047,65+,10,105,10,1,0
2024-11-01,51067,0-17,22,231,22,2,0
2024-11-01,51067,18-49,49,563,49,3,1
2024-11-01,51067,50-64,19,182,19,1,1
2024-11-01,51067,65+,5,121,5,0,0
2024-11-01,51073,0-17,14,92,14,0,0
2024-11-01,51073,18-49,27,252,27,1,0
2024-11-01,51073,50-64,13,109,13,2,0
2024-11-01,51073,65+,4,51,4,0,0
2024-11-01,51075,0-17,11,79,11,0,0
2024-11-01,51075,18-49,15,203,15,2,1
2024-11-01,51075,50-64,10,76,10,2,0
2024-11-01,51075,65+,5,51,5,0,0
2024-11-01,51163,0-17,4,50,4,1,0
2024-11-01,51163,18-49,14,111,14,0,0
2024-11-01,51163,50-64,4,44,4,1,0
2024-11-01,51163,65+,5,14,5,0,0
2024-11-01,51683,0-17,10,83,10,1,0
2024-11-01,51683,18-49,33,256,33,0,1
2024-11-01,51683,50-64,13,75,13,0,1
2024-11-01,51683,65+,5,79,5,0,0
2024-12-01,51013,0-17,50,658,50,6,0
2024-12-01,51013,18-49,149,1572,149,14,0
2024-12-01,51013,50-64,45,561,45,2,1
2024-12-01,51013,65+,26,384,26,2,0
2024-12-01,51059,0-17,315,3959,315,33,2
2024-12-01,51059,18-49,894,9997,894,78,10
2024-12-01,51059,50-64,311,3593,311,28,2
2024-12-01,51059,65+,227,2405,227,17,6
2024-12-01,51107,0-17,155,1515,155,9,1
2024-12-01,51107,18-49,377,3593,377,18,4
2024-12-01,51107,50-64,148,1313,148,14,0
2024-12-01,51107,65+,97,920,97,9,1
2024-12-01,51153,0-17,198,1884,198,16,3
2024-12-01,51153,18-49,450,4830,450,40,3
2024-12-01,51153,50-64,165,1706,165,19,0
2024-12-01,51153,65+,126,1116,126,10,2
2024-12-01,51510,0-17,37,417,37,1,2
2024-12-01,51510,18-49,98,1061,98,9,0
2024-12-01,51510,50-64,41,396,41,0,0
2024-12-01,51510,65+,28,231,28,2,0
2024-12-01,51610,0-17,4,32,4,0,0
2024-12-01,51610,18-49,10,92,10,4,0
2024-12-01,51610,50-64,7,35,7,0,0
2024-12-01,51610,65+,1,14,1,0,0
2024-12-01,51061,0-17,14,177,14,2,0
2024-12-01,51061,18-49,49,457,49,4,0
2024-12-01,51061,50-64,17,158,17,1,2
2024-12-01,51061,65+,10,108,10,0,0
2024-12-01,51069,0-17,31,235,31,3,0
2024-12-01,51069,18-49,59,625,59,7,0
2024-12-01,51069,50-64,23,227,23,2,0
2024-12-01,51069,65+,13,166,13,0,0
2024-12-01,51179,0-17,46,575,46,3,2
2024-12-01,51179,18-49,141,1416,141,11,1
2024-12-01,51179,50-64,56,535,56,4,2
2024-12-01,51179,65+,26,326,26,2,0
2024-12-01,51177,0-17,42,557,42,1,0
2024-12-01,51177,18-49,147,1350,147,14,1
2024-12-01,51177,50-64,50,489,50,3,1
2024-12-01,51177,65+,25,305,25,2,0
2024-12-01,51003,0-17,36,420,36,2,1
2024-12-01,51003,18-49,105,1068,105,10,2
2024-12-01,51003,50-64,29,375,29,2,0
2024-12-01,51003,65+,22,277,22,3,0
2024-12-01,51540,0-17,24,154,24,0,0
2024-12-01,51540,18-49,45,333,45,1,0
2024-12-01,51540,50-64,8,153,8,0,0
2024-12-01,51540,65+,7,80,7,0,0
2024-12-01,51041,0-17,125,1417,125,9,1
2024-12-01,51041,18-49,300,3529,300,15,1
2024-12-01,51041,50-64,122,1334,122,13,0
2024-12-01,51041,65+,76,872,76,5,2
2024-12-01,51087,0-17,90,979,90,6,0
2024-12-01,51087,18-49,205,2429,205,18,1
2024-12-01,51087,50-64,76,845,76,6,1
2024-12-01,51087,65+,52,553,52,3,0
2024-12-01,51760,0-17,68,723,68,3,0
2024-12-01,51760,18-49,163,1762,163,15,0
2024-12-01,51760,50-64,62,631,62,4,1
2024-12-01,51760,65+,35,420,35,1,0
2024-12-01,51810,0-17,196,2084,196,18,5
2024-12-01,51810,18-49,524,5235,524,46,7
2024-12-01,51810,50-64,195,1863,195,15,1
2024-12-01,51810,65+,123,1262,123,8,0
2024-12-01,51700,0-17,61,576,61,1,0
2024-12-01,51700,18-49,133,1368,133,5,0
2024-12-01,51700,50-64,48,482,48,0,2
2024-12-01,51700,65+,37,336,37,1,0
2024-12-01,51730,0-17,13,135,13,0,0
2024-12-01,51730,18-49,29,325,29,2,0
2024-12-01,51730,50-64,11,122,11,0,0
2024-12-01,51730,65+,10,82,10,0,1
2024-12-01,51710,0-17,70,595,70,9,1
2024-12-01,51710,18-49,205,1532,205,13,3
2024-12-01,51710,50-64,77,572,77,2,2
2024-12-01,51710,65+,47,386,47,3,0
2024-12-01,51740,0-17,33,276,33,2,0
2024-12-01,51740,18-49,110,723,110,11,2
2024-12-01,51740,50-64,21,310,21,2,1
2024-12-01,51740,65+,26,195,26,4,1
2024-12-01,51750,0-17,6,86,6,0,0
2024-12-01,51750,18-49,17,196,17,2,0
2024-12-01,51750,50-64,6,78,6,0,0
2024-12-01,51750,65+,6,57,6,0,0
2024-12-01,51121,0-17,27,323,27,0,1
2024-12-01,51121,18-49,82,708,82,10,2
2024-12-01,51121,50-64,36,245,36,3,2
2024-12-01,51121,65+,16,175,16,0,1
2024-12-01,51770,0-17,29,381,29,1,0
2024-12-01,51770,18-49,96,1015,96,7,0
2024-12-01,51770,50-64,40,333,40,2,0
2024-12-01,51770,65+,12,254,12,2,0
2024-12-01,51161,0-17,39,406,39,2,0
2024-12-01,51161,18-49,88,1031,88,7,0
2024-12-01,51161,50-64,23,317,23,2,0
2024-12-01,51161,65+,20,228,20,3,0
2024-12-01,51800,0-17,33,318,33,5,0
2024-12-01,51800,18-49,100,797,100,5,3
2024-12-01,51800,50-64,39,317,39,1,0
2024-12-01,51800,65+,26,193,26,5,1
2024-12-01,51720,0-17,0,17,0,0,0
2024-12-01,51720,18-49,3,29,3,1,0
2024-12-01,51720,50-64,2,7,2,1,0
2024-12-01,51720,65+,1,9,1,0,0
2024-12-01,51001,0-17,11,90,11,1,0
2024-12-01,51001,18-49,22,186,22,2,1
2024-12-01,51001,50-64,7,80,7,1,0
2024-12-01,51001,65+,11,42,11,1,0
2024-12-01,51005,0-17,3,59,3,0,0
2024-12-01,51005,18-49,16,121,16,1,0
2024-12-01,51005,50-64,2,55,2,1,0
2024-12-01,51005,65+,6,22,6,1,0
2024-12-01,51015,0-17,31,245,31,3,0
2024-12-01,51015,18-49,55,531,55,5,0
2024-12-01,51015,50-64,25,199,25,2,1
2024-12-01,51015,65+,7,130,7,0,0
2024-12-01,51019,0-17,25,276,25,0,2
2024-12-01,51019,18-49,71,744,71,7,0
2024-12-01,51019,50-64,20,243,20,1,0
2024-12-01,51019,65+,17,179,17,2,0
2024-12-01,51023,0-17,15,83,15,0,0
2024-12-01,51023,18-49,22,243,22,0,0
2024-12-01,51023,50-64,4,81,4,0,0
2024-12-01,51023,65+,7,51,7,0,0
2024-12-01,51031,0-17,19,148,19,2,0
2024-12-01,51031,18-49,52,369,52,3,0
2024-12-01,51031,50-64,16,143,16,0,0
2024-12-01,51031,65+,3,85,3,0,0
2024-12-01,51033,0-17,11,89,11,1,0
2024-12-01,51033,18-49,21,249,21,0,0
2024-12-01,51033,50-64,8,79,8,0,0
2024-12-01,51033,65+,5,44,5,1,0
2024-12-01,51035,0-17,8,94,8,0,0
2024-12-01,51035,18-49,21,225,21,3,0
2024-12-01,51035,50-64,12,87,12,0,1
2024-12-01,51035,65+,8,57,8,1,0
2024-12-01,51047,0-17,28,194,28,1,0
2024-12-01,51047,18-49,42,483,42,3,0
2024-12-01,51047,50-64,17,168,17,2,0
2024-12-01,51047,65+,11,114,11,1,0
2024-12-01,51067,0-17,22,207,22,1,0
2024-12-01,51067,18-49,42,507,42,7,0
2024-12-01,51067,50-64,8,184,8,1,0
2024-12-01,51067,65+,14,121,14,2,0
2024-12-01,51073,0-17,14,164,14,2,0
2024-12-01,51073,18-49,36,409,36,3,2
2024-12-01,51073,50-64,19,164,19,2,0
2024-12-01,51073,65+,7,114,7,0,0
2024-12-01,51075,0-17,3,74,3,1,0
2024-12-01,51075,18-49,27,197,27,2,0
2024-12-01,51075,50-64,9,77,9,0,0
2024-12-01,51075,65+,6,48,6,1,1
2024-12-01,51163,0-17,7,93,7,0,0
2024-12-01,51163,18-49,19,222,19,2,0
2024-12-01,51163,50-64,10,66,10,1,0
2024-12-01,51163,65+,4,41,4,0,1
2024-12-01,51683,0-17,14,102,14,0,0
2024-12-01,51683,18-49,31,277,31,4,1
2024-12-01,51683,50-64,16,96,16,0,0
2024-12-01,51683,65+,7,67,7,0,0
